Workbook

Sheet Guide d'utilisation
A1: Guide d'utilisation
A4: Pour tous les onglets : toutes les cellules grisées sont des cellules qui se remplissent automatiquement
A6: Etape 1 : remplir les données de l'onglet Data_metier
B7: - Pour les niveaux des ressources transversales (colonne C à E), vous devez utiliser cette syntaxe :
C8: Niveau 1
C9: Niveau 2
C10: Niveau 3
C11: Niveau 4
B13: -Pour la colonne responsabilité transversale (colonne F), vous devez utiliser cette syntaxe :
C14: Significatif
C15: Non significatif
B17: - Pour la colonne Interface (colonne G), vous devez utiliser cette syntaxe :
C18: Oui, en amont OU aval
C19: Oui, en amont ET aval
C20: Non
A22: Etape 2 : S'il y a de nouveaux formacodeq non présents dans la base, les intégrer dans l'onglet "Formacode"
B23: Les cellules oranges foncées sont les niveaux de DC pour lesquels il n'y a pas de nombre d'heures associées
A25: Etape 3 : Remplir les formacodes que vous utilisez dans la colonne B
B26: Le nom des DC (colonne A) apparaitront automatiquement selon les libellés de l'onglet "Formacode"
A29: Etape 4 : Choisir le métier de départ dans la cellule B4 dans l'onglet "Métiers passerelles"

Sheet Data_metier
A1: DOSSIER_SOURCE | B1: INT_METIER | C1: TRANSV_2 | D1: TRANSV_8 | E1: TRANSV_10 | F1: RESPONS_TRANS | G1: INTERFACE | H1: NIVEAU_FORMATION
A2: OCAPIAT_cartographie metiers production alimentaire | B2: Caviste | C2: Niveau 1 | D2: Niveau 1 | E2: Niveau 1 | F2: Non significatif | G2: Oui, en amont OU aval | H2: 4
A3: OCAPIAT_cartographie metiers production alimentaire | B3: Agent de silo | C3: Niveau 2 | D3: Niveau 1 | E3: Niveau 2 | F3: Non significatif | G3: Non | H3: 4
A4: INTERGROS_cartographie metiers commerce gros | B4: Opérateur(trice) logistique | C4: Niveau 1 | D4: Niveau 1 | E4: Niveau 1 | F4: Non significatif | G4: Non | H4: 3
A5: INTERGROS_cartographie metiers commerce gros | B5: Manager(euse) logistique | C5: Niveau 3 | D5: Niveau 3 | E5: Niveau 3 | F5: Significatif | G5: Oui, en amont ET aval | H5: 5.5
A6: OCAPIAT_cartographie metiers production alimentaire | B6: Maître(sse) de chai | C6: Niveau 2 | D6: Niveau 3 | E6: Niveau 3 | F6: Non significatif | G6: Oui, en amont ET aval | H6: 6
A7: OCAPIAT_cartographie metiers production alimentaire | B7: Superviseur(se) de production (fabrication / conditionnement) | C7: Niveau 3 | D7: Niveau 3 | E7: Niveau 3 | F7: Significatif | G7: Oui, en amont OU aval | H7: 6
A8: OCAPIAT_cartographie metiers production alimentaire | B8: Spécialiste planning / ordonnancement | C8: Niveau 3 | D8: Niveau 3 | E8: Niveau 3 | F8: Significatif | G8: Oui, en amont ET aval | H8: 6
A9: OCAPIAT_cartographie metiers production alimentaire | B9: Opérateur(trice) logistique | C9: Niveau 1 | D9: Niveau 1 | E9: Niveau 1 | F9: Non significatif | G9: Non | H9: 3
A10: OCAPIAT_cartographie metiers production alimentaire | B10: Logisticien(ne) approvisionneur(se) | C10: Niveau 2 | D10: Niveau 2 | E10: Niveau 3 | F10: Non significatif | G10: Oui, en amont OU aval | H10: 5.5
A11: OCAPIAT_cartographie metiers production alimentaire | B11: Responsable de production de produits alimentaires (fabrication / conditionnement) | C11: Niveau 4 | D11: Niveau 4 | E11: Niveau 4 | F11: Significatif | G11: Oui, en amont ET aval | H11: 7
A12: INTERGROS_cartographie metiers commerce gros | B12: Chauffeur(se) livreur(se) | C12: Niveau 2 | D12: Niveau 2 | E12: Niveau 2 | F12: Non significatif | G12: Non | H12: 3
A13: OCAPIAT_cartographie metiers production alimentaire | B13: Régleur(se) | C13: Niveau 2 | D13: Niveau 1 | E13: Niveau 1 | F13: Non significatif | G13: Non | H13: 4
... A30: OCAPIAT_cartographie metiers production alimentaire | B30: Electromécanicien(ne) de maintenance industrielle | C30: Niveau 2 | D30: Niveau 1 | E30: Niveau 2 | F30: Non significatif | G30: Oui, en amont OU aval | H30: 4.5

Sheet DE_niv_form
B1: {=TRANSPOSE(Tableau1[INT_METIER])} -> Caviste | C1: Agent de silo | D1: Opérateur(trice) logistique | E1: Manager(euse) logistique | F1: Maître(sse) de chai | G1: Superviseur(se) de production (fabrication / conditionnement) | H1: Spécialiste planning / ordonnancement | I1: Opérateur(trice) logistique | J1: Logisticien(ne) approvisionneur(se) | K1: Responsable de production de produits alimentaires (fabrication / conditionnement) | L1: Chauffeur(se) livreur(se) | M1: Régleur(se) | N1: Spécialiste procédés et installations de production alimentaire | O1: Conducteur(trice) de livraison et de collecte | P1: Opérateur(trice) hygiène / sanitation | Q1: Chef(fe) de silo | R1: Acheteur(se) / négociateur(trice) de matières premières | S1: Opérateur(trice) de production alimentaire | T1: Conducteur(trice) de machine(s) de production alimentaire (fabrication / conditionnement) | U1: Boulanger(ère)/pâtissier(ère) industriel(le) | V1: Conducteur(trice) de ligne(s)de production alimentaire (fabrication/conditionnement) | W1: Conducteur(trice) de process de production alimentaire | X1: Responsable de plateforme/ d’exploitation logistique | Y1: Opérateur(trice) de transformation des viandes | Z1: Fromager(ère) industriel(le) | AA1: Opérateur(trice) de préparation de poissons et de produits de la mer | AB1: Mécanicien(ne) de maintenance industrielle | AC1: Mécanicien(ne)-sertisseur(euse) | AD1: Electromécanicien(ne) de maintenance industrielle
A2: {=Tableau1[INT_METIER]} -> Caviste | B2: =IF(INDEX(Data_metier!$H:$H,MATCH($A2,Data_metier!$B:$B,0))-INDEX(Data_metier!$H:$H,MATCH(B$1,Data_metier!$B:$B,0))< 0,-1, IF(AND(INDEX(Data_metier!$H:$H,MATCH($A2,Data_metier!$B:$B,0))-INDEX(Data_metier!$H:$H,MATCH(B$1,Data_metier!$B:$B,0))> 0, INDEX(Data_metier!$H:$H,MATCH($A2,Data_metier!$B:$B,0))-INDEX(Data_metier!$H:$H,MATCH(B$1,Data_metier!$B:$B,0))<=1), 1, IF(INDEX(Data_metier!$H:$H,MATCH($A2,Data_metier!$B:$B,0))-INDEX(Data_metier!$H:$H,MATCH(B$1,Data_metier!$B:$B,0))> 1, 2, 0))) -> 0 | C2: =IF(INDEX(Data_metier!$H:$H,MATCH($A2,Data_metier!$B:$B,0))-INDEX(Data_metier!$H:$H,MATCH(C$1,Data_metier!$B:$B,0))< 0,-1, IF(AND(INDEX(Data_metier!$H:$H,MATCH($A2,Data_metier!$B:$B,0))-INDEX(Data_metier!$H:$H,MATCH(C$1,Data_metier!$B:$B,0))> 0, INDEX(Data_metier!$H:$H,MATCH($A2,Data_metier!$B:$B,0))-INDEX(Data_metier!$H:$H,MATCH(C$1,Data_metier!$B:$B,0))<=1), 1, IF(INDEX(Data_metier!$H:$H,MATCH($A2,Data_metier!$B:$B,0))-INDEX(Data_metier!$H:$H,MATCH(C$1,Data_metier!$B:$B,0))> 1, 2, 0))) -> 0 | D2: =IF(INDEX(Data_metier!$H:$H,MATCH($A2,Data_metier!$B:$B,0))-INDEX(Data_metier!$H:$H,MATCH(D$1,Data_metier!$B:$B,0))< 0,-1, IF(AND(INDEX(Data_metier!$H:$H,MATCH($A2,Data_metier!$B:$B,0))-INDEX(Data_metier!$H:$H,MATCH(D$1,Data_metier!$B:$B,0))> 0, INDEX(Data_metier!$H:$H,MATCH($A2,Data_metier!$B:$B,0))-INDEX(Data_metier!$H:$H,MATCH(D$1,Data_metier!$B:$B,0))<=1), 1, IF(INDEX(Data_metier!$H:$H,MATCH($A2,Data_metier!$B:$B,0))-INDEX(Data_metier!$H:$H,MATCH(D$1,Data_metier!$B:$B,0))> 1, 2, 0))) -> 1 | E2: =IF(INDEX(Data_metier!$H:$H,MATCH($A2,Data_metier!$B:$B,0))-INDEX(Data_metier!$H:$H,MATCH(E$1,Data_metier!$B:$B,0))< 0,-1, IF(AND(INDEX(Data_metier!$H:$H,MATCH($A2,Data_metier!$B:$B,0))-INDEX(Data_metier!$H:$H,MATCH(E$1,Data_metier!$B:$B,0))> 0, INDEX(Data_metier!$H:$H,MATCH($A2,Data_metier!$B:$B,0))-INDEX(Data_metier!$H:$H,MATCH(E$1,Data_metier!$B:$B,0))<=1), 1, IF(INDEX(Data_metier!$H:$H,MATCH($A2,Data_metier!$B:$B,0))-INDEX(Data_metier!$H:$H,MATCH(E$1,Data_metier!$B:$B,0))> 1, 2, 0))) -> -1 | F2: =IF(INDEX(Data_metier!$H:$H,MATCH($A2,Data_metier!$B:$B,0))-INDEX(Data_metier!$H:$H,MATCH(F$1,Data_metier!$B:$B,0))< 0,-1, IF(AND(INDEX(Data_metier!$H:$H,MATCH($A2,Data_metier!$B:$B,0))-INDEX(Data_metier!$H:$H,MATCH(F$1,Data_metier!$B:$B,0))> 0, INDEX(Data_metier!$H:$H,MATCH($A2,Data_metier!$B:$B,0))-INDEX(Data_metier!$H:$H,MATCH(F$1,Data_metier!$B:$B,0))<=1), 1, IF(INDEX(Data_metier!$H:$H,MATCH($A2,Data_metier!$B:$B,0))-INDEX(Data_metier!$H:$H,MATCH(F$1,Data_metier!$B:$B,0))> 1, 2, 0))) -> -1 | G2: =IF(INDEX(Data_metier!$H:$H,MATCH($A2,Data_metier!$B:$B,0))-INDEX(Data_metier!$H:$H,MATCH(G$1,Data_metier!$B:$B,0))< 0,-1, IF(AND(INDEX(Data_metier!$H:$H,MATCH($A2,Data_metier!$B:$B,0))-INDEX(Data_metier!$H:$H,MATCH(G$1,Data_metier!$B:$B,0))> 0, INDEX(Data_metier!$H:$H,MATCH($A2,Data_metier!$B:$B,0))-INDEX(Data_metier!$H:$H,MATCH(G$1,Data_metier!$B:$B,0))<=1), 1, IF(INDEX(Data_metier!$H:$H,MATCH($A2,Data_metier!$B:$B,0))-INDEX(Data_metier!$H:$H,MATCH(G$1,Data_metier!$B:$B,0))> 1, 2, 0))) -> -1 | H2: =IF(INDEX(Data_metier!$H:$H,MATCH($A2,Data_metier!$B:$B,0))-INDEX(Data_metier!$H:$H,MATCH(H$1,Data_metier!$B:$B,0))< 0,-1, IF(AND(INDEX(Data_metier!$H:$H,MATCH($A2,Data_metier!$B:$B,0))-INDEX(Data_metier!$H:$H,MATCH(H$1,Data_metier!$B:$B,0))> 0, INDEX(Data_metier!$H:$H,MATCH($A2,Data_metier!$B:$B,0))-INDEX(Data_metier!$H:$H,MATCH(H$1,Data_metier!$B:$B,0))<=1), 1, IF(INDEX(Data_metier!$H:$H,MATCH($A2,Data_metier!$B:$B,0))-INDEX(Data_metier!$H:$H,MATCH(H$1,Data_metier!$B:$B,0))> 1, 2, 0))) -> -1 | I2: =IF(INDEX(Data_metier!$H:$H,MATCH($A2,Data_metier!$B:$B,0))-INDEX(Data_metier!$H:$H,MATCH(I$1,Data_metier!$B:$B,0))< 0,-1, IF(AND(INDEX(Data_metier!$H:$H,MATCH($A2,Data_metier!$B:$B,0))-INDEX(Data_metier!$H:$H,MATCH(I$1,Data_metier!$B:$B,0))> 0, INDEX(Data_metier!$H:$H,MATCH($A2,Data_metier!$B:$B,0))-INDEX(Data_metier!$H:$H,MATCH(I$1,Data_metier!$B:$B,0))<=1), 1, IF(INDEX(Data_metier!$H:$H,MATCH($A2,Data_metier!$B:$B,0))-INDEX(Data_metier!$H:$H,MATCH(I$1,Data_metier!$B:$B,0))> 1, 2, 0))) -> 1 | ... AD2: =IF(INDEX(Data_metier!$H:$H,MATCH($A2,Data_metier!$B:$B,0))-INDEX(Data_metier!$H:$H,MATCH(AD$1,Data_metier!$B:$B,0))< 0,-1, IF(AND(INDEX(Data_metier!$H:$H,MATCH($A2,Data_metier!$B:$B,0))-INDEX(Data_metier!$H:$H,MATCH(AD$1,Data_metier!$B:$B,0))> 0, INDEX(Data_metier!$H:$H,MATCH($A2,Data_metier!$B:$B,0))-INDEX(Data_metier!$H:$H,MATCH(AD$1,Data_metier!$B:$B,0))<=1), 1, IF(INDEX(Data_metier!$H:$H,MATCH($A2,Data_metier!$B:$B,0))-INDEX(Data_metier!$H:$H,MATCH(AD$1,Data_metier!$B:$B,0))> 1, 2, 0))) -> -1
A3: Agent de silo | B3: =IF(INDEX(Data_metier!$H:$H,MATCH($A3,Data_metier!$B:$B,0))-INDEX(Data_metier!$H:$H,MATCH(B$1,Data_metier!$B:$B,0))< 0,-1, IF(AND(INDEX(Data_metier!$H:$H,MATCH($A3,Data_metier!$B:$B,0))-INDEX(Data_metier!$H:$H,MATCH(B$1,Data_metier!$B:$B,0))> 0, INDEX(Data_metier!$H:$H,MATCH($A3,Data_metier!$B:$B,0))-INDEX(Data_metier!$H:$H,MATCH(B$1,Data_metier!$B:$B,0))<=1), 1, IF(INDEX(Data_metier!$H:$H,MATCH($A3,Data_metier!$B:$B,0))-INDEX(Data_metier!$H:$H,MATCH(B$1,Data_metier!$B:$B,0))> 1, 2, 0))) -> 0 | C3: =IF(INDEX(Data_metier!$H:$H,MATCH($A3,Data_metier!$B:$B,0))-INDEX(Data_metier!$H:$H,MATCH(C$1,Data_metier!$B:$B,0))< 0,-1, IF(AND(INDEX(Data_metier!$H:$H,MATCH($A3,Data_metier!$B:$B,0))-INDEX(Data_metier!$H:$H,MATCH(C$1,Data_metier!$B:$B,0))> 0, INDEX(Data_metier!$H:$H,MATCH($A3,Data_metier!$B:$B,0))-INDEX(Data_metier!$H:$H,MATCH(C$1,Data_metier!$B:$B,0))<=1), 1, IF(INDEX(Data_metier!$H:$H,MATCH($A3,Data_metier!$B:$B,0))-INDEX(Data_metier!$H:$H,MATCH(C$1,Data_metier!$B:$B,0))> 1, 2, 0))) -> 0 | D3: =IF(INDEX(Data_metier!$H:$H,MATCH($A3,Data_metier!$B:$B,0))-INDEX(Data_metier!$H:$H,MATCH(D$1,Data_metier!$B:$B,0))< 0,-1, IF(AND(INDEX(Data_metier!$H:$H,MATCH($A3,Data_metier!$B:$B,0))-INDEX(Data_metier!$H:$H,MATCH(D$1,Data_metier!$B:$B,0))> 0, INDEX(Data_metier!$H:$H,MATCH($A3,Data_metier!$B:$B,0))-INDEX(Data_metier!$H:$H,MATCH(D$1,Data_metier!$B:$B,0))<=1), 1, IF(INDEX(Data_metier!$H:$H,MATCH($A3,Data_metier!$B:$B,0))-INDEX(Data_metier!$H:$H,MATCH(D$1,Data_metier!$B:$B,0))> 1, 2, 0))) -> 1 | E3: =IF(INDEX(Data_metier!$H:$H,MATCH($A3,Data_metier!$B:$B,0))-INDEX(Data_metier!$H:$H,MATCH(E$1,Data_metier!$B:$B,0))< 0,-1, IF(AND(INDEX(Data_metier!$H:$H,MATCH($A3,Data_metier!$B:$B,0))-INDEX(Data_metier!$H:$H,MATCH(E$1,Data_metier!$B:$B,0))> 0, INDEX(Data_metier!$H:$H,MATCH($A3,Data_metier!$B:$B,0))-INDEX(Data_metier!$H:$H,MATCH(E$1,Data_metier!$B:$B,0))<=1), 1, IF(INDEX(Data_metier!$H:$H,MATCH($A3,Data_metier!$B:$B,0))-INDEX(Data_metier!$H:$H,MATCH(E$1,Data_metier!$B:$B,0))> 1, 2, 0))) -> -1 | F3: =IF(INDEX(Data_metier!$H:$H,MATCH($A3,Data_metier!$B:$B,0))-INDEX(Data_metier!$H:$H,MATCH(F$1,Data_metier!$B:$B,0))< 0,-1, IF(AND(INDEX(Data_metier!$H:$H,MATCH($A3,Data_metier!$B:$B,0))-INDEX(Data_metier!$H:$H,MATCH(F$1,Data_metier!$B:$B,0))> 0, INDEX(Data_metier!$H:$H,MATCH($A3,Data_metier!$B:$B,0))-INDEX(Data_metier!$H:$H,MATCH(F$1,Data_metier!$B:$B,0))<=1), 1, IF(INDEX(Data_metier!$H:$H,MATCH($A3,Data_metier!$B:$B,0))-INDEX(Data_metier!$H:$H,MATCH(F$1,Data_metier!$B:$B,0))> 1, 2, 0))) -> -1 | G3: =IF(INDEX(Data_metier!$H:$H,MATCH($A3,Data_metier!$B:$B,0))-INDEX(Data_metier!$H:$H,MATCH(G$1,Data_metier!$B:$B,0))< 0,-1, IF(AND(INDEX(Data_metier!$H:$H,MATCH($A3,Data_metier!$B:$B,0))-INDEX(Data_metier!$H:$H,MATCH(G$1,Data_metier!$B:$B,0))> 0, INDEX(Data_metier!$H:$H,MATCH($A3,Data_metier!$B:$B,0))-INDEX(Data_metier!$H:$H,MATCH(G$1,Data_metier!$B:$B,0))<=1), 1, IF(INDEX(Data_metier!$H:$H,MATCH($A3,Data_metier!$B:$B,0))-INDEX(Data_metier!$H:$H,MATCH(G$1,Data_metier!$B:$B,0))> 1, 2, 0))) -> -1 | H3: =IF(INDEX(Data_metier!$H:$H,MATCH($A3,Data_metier!$B:$B,0))-INDEX(Data_metier!$H:$H,MATCH(H$1,Data_metier!$B:$B,0))< 0,-1, IF(AND(INDEX(Data_metier!$H:$H,MATCH($A3,Data_metier!$B:$B,0))-INDEX(Data_metier!$H:$H,MATCH(H$1,Data_metier!$B:$B,0))> 0, INDEX(Data_metier!$H:$H,MATCH($A3,Data_metier!$B:$B,0))-INDEX(Data_metier!$H:$H,MATCH(H$1,Data_metier!$B:$B,0))<=1), 1, IF(INDEX(Data_metier!$H:$H,MATCH($A3,Data_metier!$B:$B,0))-INDEX(Data_metier!$H:$H,MATCH(H$1,Data_metier!$B:$B,0))> 1, 2, 0))) -> -1 | I3: =IF(INDEX(Data_metier!$H:$H,MATCH($A3,Data_metier!$B:$B,0))-INDEX(Data_metier!$H:$H,MATCH(I$1,Data_metier!$B:$B,0))< 0,-1, IF(AND(INDEX(Data_metier!$H:$H,MATCH($A3,Data_metier!$B:$B,0))-INDEX(Data_metier!$H:$H,MATCH(I$1,Data_metier!$B:$B,0))> 0, INDEX(Data_metier!$H:$H,MATCH($A3,Data_metier!$B:$B,0))-INDEX(Data_metier!$H:$H,MATCH(I$1,Data_metier!$B:$B,0))<=1), 1, IF(INDEX(Data_metier!$H:$H,MATCH($A3,Data_metier!$B:$B,0))-INDEX(Data_metier!$H:$H,MATCH(I$1,Data_metier!$B:$B,0))> 1, 2, 0))) -> 1 | ... AD3: =IF(INDEX(Data_metier!$H:$H,MATCH($A3,Data_metier!$B:$B,0))-INDEX(Data_metier!$H:$H,MATCH(AD$1,Data_metier!$B:$B,0))< 0,-1, IF(AND(INDEX(Data_metier!$H:$H,MATCH($A3,Data_metier!$B:$B,0))-INDEX(Data_metier!$H:$H,MATCH(AD$1,Data_metier!$B:$B,0))> 0, INDEX(Data_metier!$H:$H,MATCH($A3,Data_metier!$B:$B,0))-INDEX(Data_metier!$H:$H,MATCH(AD$1,Data_metier!$B:$B,0))<=1), 1, IF(INDEX(Data_metier!$H:$H,MATCH($A3,Data_metier!$B:$B,0))-INDEX(Data_metier!$H:$H,MATCH(AD$1,Data_metier!$B:$B,0))> 1, 2, 0))) -> -1
A4: Opérateur(trice) logistique | B4: =IF(INDEX(Data_metier!$H:$H,MATCH($A4,Data_metier!$B:$B,0))-INDEX(Data_metier!$H:$H,MATCH(B$1,Data_metier!$B:$B,0))< 0,-1, IF(AND(INDEX(Data_metier!$H:$H,MATCH($A4,Data_metier!$B:$B,0))-INDEX(Data_metier!$H:$H,MATCH(B$1,Data_metier!$B:$B,0))> 0, INDEX(Data_metier!$H:$H,MATCH($A4,Data_metier!$B:$B,0))-INDEX(Data_metier!$H:$H,MATCH(B$1,Data_metier!$B:$B,0))<=1), 1, IF(INDEX(Data_metier!$H:$H,MATCH($A4,Data_metier!$B:$B,0))-INDEX(Data_metier!$H:$H,MATCH(B$1,Data_metier!$B:$B,0))> 1, 2, 0))) -> -1 | C4: =IF(INDEX(Data_metier!$H:$H,MATCH($A4,Data_metier!$B:$B,0))-INDEX(Data_metier!$H:$H,MATCH(C$1,Data_metier!$B:$B,0))< 0,-1, IF(AND(INDEX(Data_metier!$H:$H,MATCH($A4,Data_metier!$B:$B,0))-INDEX(Data_metier!$H:$H,MATCH(C$1,Data_metier!$B:$B,0))> 0, INDEX(Data_metier!$H:$H,MATCH($A4,Data_metier!$B:$B,0))-INDEX(Data_metier!$H:$H,MATCH(C$1,Data_metier!$B:$B,0))<=1), 1, IF(INDEX(Data_metier!$H:$H,MATCH($A4,Data_metier!$B:$B,0))-INDEX(Data_metier!$H:$H,MATCH(C$1,Data_metier!$B:$B,0))> 1, 2, 0))) -> -1 | D4: =IF(INDEX(Data_metier!$H:$H,MATCH($A4,Data_metier!$B:$B,0))-INDEX(Data_metier!$H:$H,MATCH(D$1,Data_metier!$B:$B,0))< 0,-1, IF(AND(INDEX(Data_metier!$H:$H,MATCH($A4,Data_metier!$B:$B,0))-INDEX(Data_metier!$H:$H,MATCH(D$1,Data_metier!$B:$B,0))> 0, INDEX(Data_metier!$H:$H,MATCH($A4,Data_metier!$B:$B,0))-INDEX(Data_metier!$H:$H,MATCH(D$1,Data_metier!$B:$B,0))<=1), 1, IF(INDEX(Data_metier!$H:$H,MATCH($A4,Data_metier!$B:$B,0))-INDEX(Data_metier!$H:$H,MATCH(D$1,Data_metier!$B:$B,0))> 1, 2, 0))) -> 0 | E4: =IF(INDEX(Data_metier!$H:$H,MATCH($A4,Data_metier!$B:$B,0))-INDEX(Data_metier!$H:$H,MATCH(E$1,Data_metier!$B:$B,0))< 0,-1, IF(AND(INDEX(Data_metier!$H:$H,MATCH($A4,Data_metier!$B:$B,0))-INDEX(Data_metier!$H:$H,MATCH(E$1,Data_metier!$B:$B,0))> 0, INDEX(Data_metier!$H:$H,MATCH($A4,Data_metier!$B:$B,0))-INDEX(Data_metier!$H:$H,MATCH(E$1,Data_metier!$B:$B,0))<=1), 1, IF(INDEX(Data_metier!$H:$H,MATCH($A4,Data_metier!$B:$B,0))-INDEX(Data_metier!$H:$H,MATCH(E$1,Data_metier!$B:$B,0))> 1, 2, 0))) -> -1 | F4: =IF(INDEX(Data_metier!$H:$H,MATCH($A4,Data_metier!$B:$B,0))-INDEX(Data_metier!$H:$H,MATCH(F$1,Data_metier!$B:$B,0))< 0,-1, IF(AND(INDEX(Data_metier!$H:$H,MATCH($A4,Data_metier!$B:$B,0))-INDEX(Data_metier!$H:$H,MATCH(F$1,Data_metier!$B:$B,0))> 0, INDEX(Data_metier!$H:$H,MATCH($A4,Data_metier!$B:$B,0))-INDEX(Data_metier!$H:$H,MATCH(F$1,Data_metier!$B:$B,0))<=1), 1, IF(INDEX(Data_metier!$H:$H,MATCH($A4,Data_metier!$B:$B,0))-INDEX(Data_metier!$H:$H,MATCH(F$1,Data_metier!$B:$B,0))> 1, 2, 0))) -> -1 | G4: =IF(INDEX(Data_metier!$H:$H,MATCH($A4,Data_metier!$B:$B,0))-INDEX(Data_metier!$H:$H,MATCH(G$1,Data_metier!$B:$B,0))< 0,-1, IF(AND(INDEX(Data_metier!$H:$H,MATCH($A4,Data_metier!$B:$B,0))-INDEX(Data_metier!$H:$H,MATCH(G$1,Data_metier!$B:$B,0))> 0, INDEX(Data_metier!$H:$H,MATCH($A4,Data_metier!$B:$B,0))-INDEX(Data_metier!$H:$H,MATCH(G$1,Data_metier!$B:$B,0))<=1), 1, IF(INDEX(Data_metier!$H:$H,MATCH($A4,Data_metier!$B:$B,0))-INDEX(Data_metier!$H:$H,MATCH(G$1,Data_metier!$B:$B,0))> 1, 2, 0))) -> -1 | H4: =IF(INDEX(Data_metier!$H:$H,MATCH($A4,Data_metier!$B:$B,0))-INDEX(Data_metier!$H:$H,MATCH(H$1,Data_metier!$B:$B,0))< 0,-1, IF(AND(INDEX(Data_metier!$H:$H,MATCH($A4,Data_metier!$B:$B,0))-INDEX(Data_metier!$H:$H,MATCH(H$1,Data_metier!$B:$B,0))> 0, INDEX(Data_metier!$H:$H,MATCH($A4,Data_metier!$B:$B,0))-INDEX(Data_metier!$H:$H,MATCH(H$1,Data_metier!$B:$B,0))<=1), 1, IF(INDEX(Data_metier!$H:$H,MATCH($A4,Data_metier!$B:$B,0))-INDEX(Data_metier!$H:$H,MATCH(H$1,Data_metier!$B:$B,0))> 1, 2, 0))) -> -1 | I4: =IF(INDEX(Data_metier!$H:$H,MATCH($A4,Data_metier!$B:$B,0))-INDEX(Data_metier!$H:$H,MATCH(I$1,Data_metier!$B:$B,0))< 0,-1, IF(AND(INDEX(Data_metier!$H:$H,MATCH($A4,Data_metier!$B:$B,0))-INDEX(Data_metier!$H:$H,MATCH(I$1,Data_metier!$B:$B,0))> 0, INDEX(Data_metier!$H:$H,MATCH($A4,Data_metier!$B:$B,0))-INDEX(Data_metier!$H:$H,MATCH(I$1,Data_metier!$B:$B,0))<=1), 1, IF(INDEX(Data_metier!$H:$H,MATCH($A4,Data_metier!$B:$B,0))-INDEX(Data_metier!$H:$H,MATCH(I$1,Data_metier!$B:$B,0))> 1, 2, 0))) -> 0 | ... AD4: =IF(INDEX(Data_metier!$H:$H,MATCH($A4,Data_metier!$B:$B,0))-INDEX(Data_metier!$H:$H,MATCH(AD$1,Data_metier!$B:$B,0))< 0,-1, IF(AND(INDEX(Data_metier!$H:$H,MATCH($A4,Data_metier!$B:$B,0))-INDEX(Data_metier!$H:$H,MATCH(AD$1,Data_metier!$B:$B,0))> 0, INDEX(Data_metier!$H:$H,MATCH($A4,Data_metier!$B:$B,0))-INDEX(Data_metier!$H:$H,MATCH(AD$1,Data_metier!$B:$B,0))<=1), 1, IF(INDEX(Data_metier!$H:$H,MATCH($A4,Data_metier!$B:$B,0))-INDEX(Data_metier!$H:$H,MATCH(AD$1,Data_metier!$B:$B,0))> 1, 2, 0))) -> -1
A5: Manager(euse) logistique | B5: =IF(INDEX(Data_metier!$H:$H,MATCH($A5,Data_metier!$B:$B,0))-INDEX(Data_metier!$H:$H,MATCH(B$1,Data_metier!$B:$B,0))< 0,-1, IF(AND(INDEX(Data_metier!$H:$H,MATCH($A5,Data_metier!$B:$B,0))-INDEX(Data_metier!$H:$H,MATCH(B$1,Data_metier!$B:$B,0))> 0, INDEX(Data_metier!$H:$H,MATCH($A5,Data_metier!$B:$B,0))-INDEX(Data_metier!$H:$H,MATCH(B$1,Data_metier!$B:$B,0))<=1), 1, IF(INDEX(Data_metier!$H:$H,MATCH($A5,Data_metier!$B:$B,0))-INDEX(Data_metier!$H:$H,MATCH(B$1,Data_metier!$B:$B,0))> 1, 2, 0))) -> 2 | C5: =IF(INDEX(Data_metier!$H:$H,MATCH($A5,Data_metier!$B:$B,0))-INDEX(Data_metier!$H:$H,MATCH(C$1,Data_metier!$B:$B,0))< 0,-1, IF(AND(INDEX(Data_metier!$H:$H,MATCH($A5,Data_metier!$B:$B,0))-INDEX(Data_metier!$H:$H,MATCH(C$1,Data_metier!$B:$B,0))> 0, INDEX(Data_metier!$H:$H,MATCH($A5,Data_metier!$B:$B,0))-INDEX(Data_metier!$H:$H,MATCH(C$1,Data_metier!$B:$B,0))<=1), 1, IF(INDEX(Data_metier!$H:$H,MATCH($A5,Data_metier!$B:$B,0))-INDEX(Data_metier!$H:$H,MATCH(C$1,Data_metier!$B:$B,0))> 1, 2, 0))) -> 2 | D5: =IF(INDEX(Data_metier!$H:$H,MATCH($A5,Data_metier!$B:$B,0))-INDEX(Data_metier!$H:$H,MATCH(D$1,Data_metier!$B:$B,0))< 0,-1, IF(AND(INDEX(Data_metier!$H:$H,MATCH($A5,Data_metier!$B:$B,0))-INDEX(Data_metier!$H:$H,MATCH(D$1,Data_metier!$B:$B,0))> 0, INDEX(Data_metier!$H:$H,MATCH($A5,Data_metier!$B:$B,0))-INDEX(Data_metier!$H:$H,MATCH(D$1,Data_metier!$B:$B,0))<=1), 1, IF(INDEX(Data_metier!$H:$H,MATCH($A5,Data_metier!$B:$B,0))-INDEX(Data_metier!$H:$H,MATCH(D$1,Data_metier!$B:$B,0))> 1, 2, 0))) -> 2 | E5: =IF(INDEX(Data_metier!$H:$H,MATCH($A5,Data_metier!$B:$B,0))-INDEX(Data_metier!$H:$H,MATCH(E$1,Data_metier!$B:$B,0))< 0,-1, IF(AND(INDEX(Data_metier!$H:$H,MATCH($A5,Data_metier!$B:$B,0))-INDEX(Data_metier!$H:$H,MATCH(E$1,Data_metier!$B:$B,0))> 0, INDEX(Data_metier!$H:$H,MATCH($A5,Data_metier!$B:$B,0))-INDEX(Data_metier!$H:$H,MATCH(E$1,Data_metier!$B:$B,0))<=1), 1, IF(INDEX(Data_metier!$H:$H,MATCH($A5,Data_metier!$B:$B,0))-INDEX(Data_metier!$H:$H,MATCH(E$1,Data_metier!$B:$B,0))> 1, 2, 0))) -> 0 | F5: =IF(INDEX(Data_metier!$H:$H,MATCH($A5,Data_metier!$B:$B,0))-INDEX(Data_metier!$H:$H,MATCH(F$1,Data_metier!$B:$B,0))< 0,-1, IF(AND(INDEX(Data_metier!$H:$H,MATCH($A5,Data_metier!$B:$B,0))-INDEX(Data_metier!$H:$H,MATCH(F$1,Data_metier!$B:$B,0))> 0, INDEX(Data_metier!$H:$H,MATCH($A5,Data_metier!$B:$B,0))-INDEX(Data_metier!$H:$H,MATCH(F$1,Data_metier!$B:$B,0))<=1), 1, IF(INDEX(Data_metier!$H:$H,MATCH($A5,Data_metier!$B:$B,0))-INDEX(Data_metier!$H:$H,MATCH(F$1,Data_metier!$B:$B,0))> 1, 2, 0))) -> -1 | G5: =IF(INDEX(Data_metier!$H:$H,MATCH($A5,Data_metier!$B:$B,0))-INDEX(Data_metier!$H:$H,MATCH(G$1,Data_metier!$B:$B,0))< 0,-1, IF(AND(INDEX(Data_metier!$H:$H,MATCH($A5,Data_metier!$B:$B,0))-INDEX(Data_metier!$H:$H,MATCH(G$1,Data_metier!$B:$B,0))> 0, INDEX(Data_metier!$H:$H,MATCH($A5,Data_metier!$B:$B,0))-INDEX(Data_metier!$H:$H,MATCH(G$1,Data_metier!$B:$B,0))<=1), 1, IF(INDEX(Data_metier!$H:$H,MATCH($A5,Data_metier!$B:$B,0))-INDEX(Data_metier!$H:$H,MATCH(G$1,Data_metier!$B:$B,0))> 1, 2, 0))) -> -1 | H5: =IF(INDEX(Data_metier!$H:$H,MATCH($A5,Data_metier!$B:$B,0))-INDEX(Data_metier!$H:$H,MATCH(H$1,Data_metier!$B:$B,0))< 0,-1, IF(AND(INDEX(Data_metier!$H:$H,MATCH($A5,Data_metier!$B:$B,0))-INDEX(Data_metier!$H:$H,MATCH(H$1,Data_metier!$B:$B,0))> 0, INDEX(Data_metier!$H:$H,MATCH($A5,Data_metier!$B:$B,0))-INDEX(Data_metier!$H:$H,MATCH(H$1,Data_metier!$B:$B,0))<=1), 1, IF(INDEX(Data_metier!$H:$H,MATCH($A5,Data_metier!$B:$B,0))-INDEX(Data_metier!$H:$H,MATCH(H$1,Data_metier!$B:$B,0))> 1, 2, 0))) -> -1 | I5: =IF(INDEX(Data_metier!$H:$H,MATCH($A5,Data_metier!$B:$B,0))-INDEX(Data_metier!$H:$H,MATCH(I$1,Data_metier!$B:$B,0))< 0,-1, IF(AND(INDEX(Data_metier!$H:$H,MATCH($A5,Data_metier!$B:$B,0))-INDEX(Data_metier!$H:$H,MATCH(I$1,Data_metier!$B:$B,0))> 0, INDEX(Data_metier!$H:$H,MATCH($A5,Data_metier!$B:$B,0))-INDEX(Data_metier!$H:$H,MATCH(I$1,Data_metier!$B:$B,0))<=1), 1, IF(INDEX(Data_metier!$H:$H,MATCH($A5,Data_metier!$B:$B,0))-INDEX(Data_metier!$H:$H,MATCH(I$1,Data_metier!$B:$B,0))> 1, 2, 0))) -> 2 | ... AD5: =IF(INDEX(Data_metier!$H:$H,MATCH($A5,Data_metier!$B:$B,0))-INDEX(Data_metier!$H:$H,MATCH(AD$1,Data_metier!$B:$B,0))< 0,-1, IF(AND(INDEX(Data_metier!$H:$H,MATCH($A5,Data_metier!$B:$B,0))-INDEX(Data_metier!$H:$H,MATCH(AD$1,Data_metier!$B:$B,0))> 0, INDEX(Data_metier!$H:$H,MATCH($A5,Data_metier!$B:$B,0))-INDEX(Data_metier!$H:$H,MATCH(AD$1,Data_metier!$B:$B,0))<=1), 1, IF(INDEX(Data_metier!$H:$H,MATCH($A5,Data_metier!$B:$B,0))-INDEX(Data_metier!$H:$H,MATCH(AD$1,Data_metier!$B:$B,0))> 1, 2, 0))) -> 1
A6: Maître(sse) de chai | B6: =IF(INDEX(Data_metier!$H:$H,MATCH($A6,Data_metier!$B:$B,0))-INDEX(Data_metier!$H:$H,MATCH(B$1,Data_metier!$B:$B,0))< 0,-1, IF(AND(INDEX(Data_metier!$H:$H,MATCH($A6,Data_metier!$B:$B,0))-INDEX(Data_metier!$H:$H,MATCH(B$1,Data_metier!$B:$B,0))> 0, INDEX(Data_metier!$H:$H,MATCH($A6,Data_metier!$B:$B,0))-INDEX(Data_metier!$H:$H,MATCH(B$1,Data_metier!$B:$B,0))<=1), 1, IF(INDEX(Data_metier!$H:$H,MATCH($A6,Data_metier!$B:$B,0))-INDEX(Data_metier!$H:$H,MATCH(B$1,Data_metier!$B:$B,0))> 1, 2, 0))) -> 2 | C6: =IF(INDEX(Data_metier!$H:$H,MATCH($A6,Data_metier!$B:$B,0))-INDEX(Data_metier!$H:$H,MATCH(C$1,Data_metier!$B:$B,0))< 0,-1, IF(AND(INDEX(Data_metier!$H:$H,MATCH($A6,Data_metier!$B:$B,0))-INDEX(Data_metier!$H:$H,MATCH(C$1,Data_metier!$B:$B,0))> 0, INDEX(Data_metier!$H:$H,MATCH($A6,Data_metier!$B:$B,0))-INDEX(Data_metier!$H:$H,MATCH(C$1,Data_metier!$B:$B,0))<=1), 1, IF(INDEX(Data_metier!$H:$H,MATCH($A6,Data_metier!$B:$B,0))-INDEX(Data_metier!$H:$H,MATCH(C$1,Data_metier!$B:$B,0))> 1, 2, 0))) -> 2 | D6: =IF(INDEX(Data_metier!$H:$H,MATCH($A6,Data_metier!$B:$B,0))-INDEX(Data_metier!$H:$H,MATCH(D$1,Data_metier!$B:$B,0))< 0,-1, IF(AND(INDEX(Data_metier!$H:$H,MATCH($A6,Data_metier!$B:$B,0))-INDEX(Data_metier!$H:$H,MATCH(D$1,Data_metier!$B:$B,0))> 0, INDEX(Data_metier!$H:$H,MATCH($A6,Data_metier!$B:$B,0))-INDEX(Data_metier!$H:$H,MATCH(D$1,Data_metier!$B:$B,0))<=1), 1, IF(INDEX(Data_metier!$H:$H,MATCH($A6,Data_metier!$B:$B,0))-INDEX(Data_metier!$H:$H,MATCH(D$1,Data_metier!$B:$B,0))> 1, 2, 0))) -> 2 | E6: =IF(INDEX(Data_metier!$H:$H,MATCH($A6,Data_metier!$B:$B,0))-INDEX(Data_metier!$H:$H,MATCH(E$1,Data_metier!$B:$B,0))< 0,-1, IF(AND(INDEX(Data_metier!$H:$H,MATCH($A6,Data_metier!$B:$B,0))-INDEX(Data_metier!$H:$H,MATCH(E$1,Data_metier!$B:$B,0))> 0, INDEX(Data_metier!$H:$H,MATCH($A6,Data_metier!$B:$B,0))-INDEX(Data_metier!$H:$H,MATCH(E$1,Data_metier!$B:$B,0))<=1), 1, IF(INDEX(Data_metier!$H:$H,MATCH($A6,Data_metier!$B:$B,0))-INDEX(Data_metier!$H:$H,MATCH(E$1,Data_metier!$B:$B,0))> 1, 2, 0))) -> 1 | F6: =IF(INDEX(Data_metier!$H:$H,MATCH($A6,Data_metier!$B:$B,0))-INDEX(Data_metier!$H:$H,MATCH(F$1,Data_metier!$B:$B,0))< 0,-1, IF(AND(INDEX(Data_metier!$H:$H,MATCH($A6,Data_metier!$B:$B,0))-INDEX(Data_metier!$H:$H,MATCH(F$1,Data_metier!$B:$B,0))> 0, INDEX(Data_metier!$H:$H,MATCH($A6,Data_metier!$B:$B,0))-INDEX(Data_metier!$H:$H,MATCH(F$1,Data_metier!$B:$B,0))<=1), 1, IF(INDEX(Data_metier!$H:$H,MATCH($A6,Data_metier!$B:$B,0))-INDEX(Data_metier!$H:$H,MATCH(F$1,Data_metier!$B:$B,0))> 1, 2, 0))) -> 0 | G6: =IF(INDEX(Data_metier!$H:$H,MATCH($A6,Data_metier!$B:$B,0))-INDEX(Data_metier!$H:$H,MATCH(G$1,Data_metier!$B:$B,0))< 0,-1, IF(AND(INDEX(Data_metier!$H:$H,MATCH($A6,Data_metier!$B:$B,0))-INDEX(Data_metier!$H:$H,MATCH(G$1,Data_metier!$B:$B,0))> 0, INDEX(Data_metier!$H:$H,MATCH($A6,Data_metier!$B:$B,0))-INDEX(Data_metier!$H:$H,MATCH(G$1,Data_metier!$B:$B,0))<=1), 1, IF(INDEX(Data_metier!$H:$H,MATCH($A6,Data_metier!$B:$B,0))-INDEX(Data_metier!$H:$H,MATCH(G$1,Data_metier!$B:$B,0))> 1, 2, 0))) -> 0 | H6: =IF(INDEX(Data_metier!$H:$H,MATCH($A6,Data_metier!$B:$B,0))-INDEX(Data_metier!$H:$H,MATCH(H$1,Data_metier!$B:$B,0))< 0,-1, IF(AND(INDEX(Data_metier!$H:$H,MATCH($A6,Data_metier!$B:$B,0))-INDEX(Data_metier!$H:$H,MATCH(H$1,Data_metier!$B:$B,0))> 0, INDEX(Data_metier!$H:$H,MATCH($A6,Data_metier!$B:$B,0))-INDEX(Data_metier!$H:$H,MATCH(H$1,Data_metier!$B:$B,0))<=1), 1, IF(INDEX(Data_metier!$H:$H,MATCH($A6,Data_metier!$B:$B,0))-INDEX(Data_metier!$H:$H,MATCH(H$1,Data_metier!$B:$B,0))> 1, 2, 0))) -> 0 | I6: =IF(INDEX(Data_metier!$H:$H,MATCH($A6,Data_metier!$B:$B,0))-INDEX(Data_metier!$H:$H,MATCH(I$1,Data_metier!$B:$B,0))< 0,-1, IF(AND(INDEX(Data_metier!$H:$H,MATCH($A6,Data_metier!$B:$B,0))-INDEX(Data_metier!$H:$H,MATCH(I$1,Data_metier!$B:$B,0))> 0, INDEX(Data_metier!$H:$H,MATCH($A6,Data_metier!$B:$B,0))-INDEX(Data_metier!$H:$H,MATCH(I$1,Data_metier!$B:$B,0))<=1), 1, IF(INDEX(Data_metier!$H:$H,MATCH($A6,Data_metier!$B:$B,0))-INDEX(Data_metier!$H:$H,MATCH(I$1,Data_metier!$B:$B,0))> 1, 2, 0))) -> 2 | ... AD6: =IF(INDEX(Data_metier!$H:$H,MATCH($A6,Data_metier!$B:$B,0))-INDEX(Data_metier!$H:$H,MATCH(AD$1,Data_metier!$B:$B,0))< 0,-1, IF(AND(INDEX(Data_metier!$H:$H,MATCH($A6,Data_metier!$B:$B,0))-INDEX(Data_metier!$H:$H,MATCH(AD$1,Data_metier!$B:$B,0))> 0, INDEX(Data_metier!$H:$H,MATCH($A6,Data_metier!$B:$B,0))-INDEX(Data_metier!$H:$H,MATCH(AD$1,Data_metier!$B:$B,0))<=1), 1, IF(INDEX(Data_metier!$H:$H,MATCH($A6,Data_metier!$B:$B,0))-INDEX(Data_metier!$H:$H,MATCH(AD$1,Data_metier!$B:$B,0))> 1, 2, 0))) -> 2
A7: Superviseur(se) de production (fabrication / conditionnement) | B7: =IF(INDEX(Data_metier!$H:$H,MATCH($A7,Data_metier!$B:$B,0))-INDEX(Data_metier!$H:$H,MATCH(B$1,Data_metier!$B:$B,0))< 0,-1, IF(AND(INDEX(Data_metier!$H:$H,MATCH($A7,Data_metier!$B:$B,0))-INDEX(Data_metier!$H:$H,MATCH(B$1,Data_metier!$B:$B,0))> 0, INDEX(Data_metier!$H:$H,MATCH($A7,Data_metier!$B:$B,0))-INDEX(Data_metier!$H:$H,MATCH(B$1,Data_metier!$B:$B,0))<=1), 1, IF(INDEX(Data_metier!$H:$H,MATCH($A7,Data_metier!$B:$B,0))-INDEX(Data_metier!$H:$H,MATCH(B$1,Data_metier!$B:$B,0))> 1, 2, 0))) -> 2 | C7: =IF(INDEX(Data_metier!$H:$H,MATCH($A7,Data_metier!$B:$B,0))-INDEX(Data_metier!$H:$H,MATCH(C$1,Data_metier!$B:$B,0))< 0,-1, IF(AND(INDEX(Data_metier!$H:$H,MATCH($A7,Data_metier!$B:$B,0))-INDEX(Data_metier!$H:$H,MATCH(C$1,Data_metier!$B:$B,0))> 0, INDEX(Data_metier!$H:$H,MATCH($A7,Data_metier!$B:$B,0))-INDEX(Data_metier!$H:$H,MATCH(C$1,Data_metier!$B:$B,0))<=1), 1, IF(INDEX(Data_metier!$H:$H,MATCH($A7,Data_metier!$B:$B,0))-INDEX(Data_metier!$H:$H,MATCH(C$1,Data_metier!$B:$B,0))> 1, 2, 0))) -> 2 | D7: =IF(INDEX(Data_metier!$H:$H,MATCH($A7,Data_metier!$B:$B,0))-INDEX(Data_metier!$H:$H,MATCH(D$1,Data_metier!$B:$B,0))< 0,-1, IF(AND(INDEX(Data_metier!$H:$H,MATCH($A7,Data_metier!$B:$B,0))-INDEX(Data_metier!$H:$H,MATCH(D$1,Data_metier!$B:$B,0))> 0, INDEX(Data_metier!$H:$H,MATCH($A7,Data_metier!$B:$B,0))-INDEX(Data_metier!$H:$H,MATCH(D$1,Data_metier!$B:$B,0))<=1), 1, IF(INDEX(Data_metier!$H:$H,MATCH($A7,Data_metier!$B:$B,0))-INDEX(Data_metier!$H:$H,MATCH(D$1,Data_metier!$B:$B,0))> 1, 2, 0))) -> 2 | E7: =IF(INDEX(Data_metier!$H:$H,MATCH($A7,Data_metier!$B:$B,0))-INDEX(Data_metier!$H:$H,MATCH(E$1,Data_metier!$B:$B,0))< 0,-1, IF(AND(INDEX(Data_metier!$H:$H,MATCH($A7,Data_metier!$B:$B,0))-INDEX(Data_metier!$H:$H,MATCH(E$1,Data_metier!$B:$B,0))> 0, INDEX(Data_metier!$H:$H,MATCH($A7,Data_metier!$B:$B,0))-INDEX(Data_metier!$H:$H,MATCH(E$1,Data_metier!$B:$B,0))<=1), 1, IF(INDEX(Data_metier!$H:$H,MATCH($A7,Data_metier!$B:$B,0))-INDEX(Data_metier!$H:$H,MATCH(E$1,Data_metier!$B:$B,0))> 1, 2, 0))) -> 1 | F7: =IF(INDEX(Data_metier!$H:$H,MATCH($A7,Data_metier!$B:$B,0))-INDEX(Data_metier!$H:$H,MATCH(F$1,Data_metier!$B:$B,0))< 0,-1, IF(AND(INDEX(Data_metier!$H:$H,MATCH($A7,Data_metier!$B:$B,0))-INDEX(Data_metier!$H:$H,MATCH(F$1,Data_metier!$B:$B,0))> 0, INDEX(Data_metier!$H:$H,MATCH($A7,Data_metier!$B:$B,0))-INDEX(Data_metier!$H:$H,MATCH(F$1,Data_metier!$B:$B,0))<=1), 1, IF(INDEX(Data_metier!$H:$H,MATCH($A7,Data_metier!$B:$B,0))-INDEX(Data_metier!$H:$H,MATCH(F$1,Data_metier!$B:$B,0))> 1, 2, 0))) -> 0 | G7: =IF(INDEX(Data_metier!$H:$H,MATCH($A7,Data_metier!$B:$B,0))-INDEX(Data_metier!$H:$H,MATCH(G$1,Data_metier!$B:$B,0))< 0,-1, IF(AND(INDEX(Data_metier!$H:$H,MATCH($A7,Data_metier!$B:$B,0))-INDEX(Data_metier!$H:$H,MATCH(G$1,Data_metier!$B:$B,0))> 0, INDEX(Data_metier!$H:$H,MATCH($A7,Data_metier!$B:$B,0))-INDEX(Data_metier!$H:$H,MATCH(G$1,Data_metier!$B:$B,0))<=1), 1, IF(INDEX(Data_metier!$H:$H,MATCH($A7,Data_metier!$B:$B,0))-INDEX(Data_metier!$H:$H,MATCH(G$1,Data_metier!$B:$B,0))> 1, 2, 0))) -> 0 | H7: =IF(INDEX(Data_metier!$H:$H,MATCH($A7,Data_metier!$B:$B,0))-INDEX(Data_metier!$H:$H,MATCH(H$1,Data_metier!$B:$B,0))< 0,-1, IF(AND(INDEX(Data_metier!$H:$H,MATCH($A7,Data_metier!$B:$B,0))-INDEX(Data_metier!$H:$H,MATCH(H$1,Data_metier!$B:$B,0))> 0, INDEX(Data_metier!$H:$H,MATCH($A7,Data_metier!$B:$B,0))-INDEX(Data_metier!$H:$H,MATCH(H$1,Data_metier!$B:$B,0))<=1), 1, IF(INDEX(Data_metier!$H:$H,MATCH($A7,Data_metier!$B:$B,0))-INDEX(Data_metier!$H:$H,MATCH(H$1,Data_metier!$B:$B,0))> 1, 2, 0))) -> 0 | I7: =IF(INDEX(Data_metier!$H:$H,MATCH($A7,Data_metier!$B:$B,0))-INDEX(Data_metier!$H:$H,MATCH(I$1,Data_metier!$B:$B,0))< 0,-1, IF(AND(INDEX(Data_metier!$H:$H,MATCH($A7,Data_metier!$B:$B,0))-INDEX(Data_metier!$H:$H,MATCH(I$1,Data_metier!$B:$B,0))> 0, INDEX(Data_metier!$H:$H,MATCH($A7,Data_metier!$B:$B,0))-INDEX(Data_metier!$H:$H,MATCH(I$1,Data_metier!$B:$B,0))<=1), 1, IF(INDEX(Data_metier!$H:$H,MATCH($A7,Data_metier!$B:$B,0))-INDEX(Data_metier!$H:$H,MATCH(I$1,Data_metier!$B:$B,0))> 1, 2, 0))) -> 2 | ... AD7: =IF(INDEX(Data_metier!$H:$H,MATCH($A7,Data_metier!$B:$B,0))-INDEX(Data_metier!$H:$H,MATCH(AD$1,Data_metier!$B:$B,0))< 0,-1, IF(AND(INDEX(Data_metier!$H:$H,MATCH($A7,Data_metier!$B:$B,0))-INDEX(Data_metier!$H:$H,MATCH(AD$1,Data_metier!$B:$B,0))> 0, INDEX(Data_metier!$H:$H,MATCH($A7,Data_metier!$B:$B,0))-INDEX(Data_metier!$H:$H,MATCH(AD$1,Data_metier!$B:$B,0))<=1), 1, IF(INDEX(Data_metier!$H:$H,MATCH($A7,Data_metier!$B:$B,0))-INDEX(Data_metier!$H:$H,MATCH(AD$1,Data_metier!$B:$B,0))> 1, 2, 0))) -> 2
A8: Spécialiste planning / ordonnancement | B8: =IF(INDEX(Data_metier!$H:$H,MATCH($A8,Data_metier!$B:$B,0))-INDEX(Data_metier!$H:$H,MATCH(B$1,Data_metier!$B:$B,0))< 0,-1, IF(AND(INDEX(Data_metier!$H:$H,MATCH($A8,Data_metier!$B:$B,0))-INDEX(Data_metier!$H:$H,MATCH(B$1,Data_metier!$B:$B,0))> 0, INDEX(Data_metier!$H:$H,MATCH($A8,Data_metier!$B:$B,0))-INDEX(Data_metier!$H:$H,MATCH(B$1,Data_metier!$B:$B,0))<=1), 1, IF(INDEX(Data_metier!$H:$H,MATCH($A8,Data_metier!$B:$B,0))-INDEX(Data_metier!$H:$H,MATCH(B$1,Data_metier!$B:$B,0))> 1, 2, 0))) -> 2 | C8: =IF(INDEX(Data_metier!$H:$H,MATCH($A8,Data_metier!$B:$B,0))-INDEX(Data_metier!$H:$H,MATCH(C$1,Data_metier!$B:$B,0))< 0,-1, IF(AND(INDEX(Data_metier!$H:$H,MATCH($A8,Data_metier!$B:$B,0))-INDEX(Data_metier!$H:$H,MATCH(C$1,Data_metier!$B:$B,0))> 0, INDEX(Data_metier!$H:$H,MATCH($A8,Data_metier!$B:$B,0))-INDEX(Data_metier!$H:$H,MATCH(C$1,Data_metier!$B:$B,0))<=1), 1, IF(INDEX(Data_metier!$H:$H,MATCH($A8,Data_metier!$B:$B,0))-INDEX(Data_metier!$H:$H,MATCH(C$1,Data_metier!$B:$B,0))> 1, 2, 0))) -> 2 | D8: =IF(INDEX(Data_metier!$H:$H,MATCH($A8,Data_metier!$B:$B,0))-INDEX(Data_metier!$H:$H,MATCH(D$1,Data_metier!$B:$B,0))< 0,-1, IF(AND(INDEX(Data_metier!$H:$H,MATCH($A8,Data_metier!$B:$B,0))-INDEX(Data_metier!$H:$H,MATCH(D$1,Data_metier!$B:$B,0))> 0, INDEX(Data_metier!$H:$H,MATCH($A8,Data_metier!$B:$B,0))-INDEX(Data_metier!$H:$H,MATCH(D$1,Data_metier!$B:$B,0))<=1), 1, IF(INDEX(Data_metier!$H:$H,MATCH($A8,Data_metier!$B:$B,0))-INDEX(Data_metier!$H:$H,MATCH(D$1,Data_metier!$B:$B,0))> 1, 2, 0))) -> 2 | E8: =IF(INDEX(Data_metier!$H:$H,MATCH($A8,Data_metier!$B:$B,0))-INDEX(Data_metier!$H:$H,MATCH(E$1,Data_metier!$B:$B,0))< 0,-1, IF(AND(INDEX(Data_metier!$H:$H,MATCH($A8,Data_metier!$B:$B,0))-INDEX(Data_metier!$H:$H,MATCH(E$1,Data_metier!$B:$B,0))> 0, INDEX(Data_metier!$H:$H,MATCH($A8,Data_metier!$B:$B,0))-INDEX(Data_metier!$H:$H,MATCH(E$1,Data_metier!$B:$B,0))<=1), 1, IF(INDEX(Data_metier!$H:$H,MATCH($A8,Data_metier!$B:$B,0))-INDEX(Data_metier!$H:$H,MATCH(E$1,Data_metier!$B:$B,0))> 1, 2, 0))) -> 1 | F8: =IF(INDEX(Data_metier!$H:$H,MATCH($A8,Data_metier!$B:$B,0))-INDEX(Data_metier!$H:$H,MATCH(F$1,Data_metier!$B:$B,0))< 0,-1, IF(AND(INDEX(Data_metier!$H:$H,MATCH($A8,Data_metier!$B:$B,0))-INDEX(Data_metier!$H:$H,MATCH(F$1,Data_metier!$B:$B,0))> 0, INDEX(Data_metier!$H:$H,MATCH($A8,Data_metier!$B:$B,0))-INDEX(Data_metier!$H:$H,MATCH(F$1,Data_metier!$B:$B,0))<=1), 1, IF(INDEX(Data_metier!$H:$H,MATCH($A8,Data_metier!$B:$B,0))-INDEX(Data_metier!$H:$H,MATCH(F$1,Data_metier!$B:$B,0))> 1, 2, 0))) -> 0 | G8: =IF(INDEX(Data_metier!$H:$H,MATCH($A8,Data_metier!$B:$B,0))-INDEX(Data_metier!$H:$H,MATCH(G$1,Data_metier!$B:$B,0))< 0,-1, IF(AND(INDEX(Data_metier!$H:$H,MATCH($A8,Data_metier!$B:$B,0))-INDEX(Data_metier!$H:$H,MATCH(G$1,Data_metier!$B:$B,0))> 0, INDEX(Data_metier!$H:$H,MATCH($A8,Data_metier!$B:$B,0))-INDEX(Data_metier!$H:$H,MATCH(G$1,Data_metier!$B:$B,0))<=1), 1, IF(INDEX(Data_metier!$H:$H,MATCH($A8,Data_metier!$B:$B,0))-INDEX(Data_metier!$H:$H,MATCH(G$1,Data_metier!$B:$B,0))> 1, 2, 0))) -> 0 | H8: =IF(INDEX(Data_metier!$H:$H,MATCH($A8,Data_metier!$B:$B,0))-INDEX(Data_metier!$H:$H,MATCH(H$1,Data_metier!$B:$B,0))< 0,-1, IF(AND(INDEX(Data_metier!$H:$H,MATCH($A8,Data_metier!$B:$B,0))-INDEX(Data_metier!$H:$H,MATCH(H$1,Data_metier!$B:$B,0))> 0, INDEX(Data_metier!$H:$H,MATCH($A8,Data_metier!$B:$B,0))-INDEX(Data_metier!$H:$H,MATCH(H$1,Data_metier!$B:$B,0))<=1), 1, IF(INDEX(Data_metier!$H:$H,MATCH($A8,Data_metier!$B:$B,0))-INDEX(Data_metier!$H:$H,MATCH(H$1,Data_metier!$B:$B,0))> 1, 2, 0))) -> 0 | I8: =IF(INDEX(Data_metier!$H:$H,MATCH($A8,Data_metier!$B:$B,0))-INDEX(Data_metier!$H:$H,MATCH(I$1,Data_metier!$B:$B,0))< 0,-1, IF(AND(INDEX(Data_metier!$H:$H,MATCH($A8,Data_metier!$B:$B,0))-INDEX(Data_metier!$H:$H,MATCH(I$1,Data_metier!$B:$B,0))> 0, INDEX(Data_metier!$H:$H,MATCH($A8,Data_metier!$B:$B,0))-INDEX(Data_metier!$H:$H,MATCH(I$1,Data_metier!$B:$B,0))<=1), 1, IF(INDEX(Data_metier!$H:$H,MATCH($A8,Data_metier!$B:$B,0))-INDEX(Data_metier!$H:$H,MATCH(I$1,Data_metier!$B:$B,0))> 1, 2, 0))) -> 2 | ... AD8: =IF(INDEX(Data_metier!$H:$H,MATCH($A8,Data_metier!$B:$B,0))-INDEX(Data_metier!$H:$H,MATCH(AD$1,Data_metier!$B:$B,0))< 0,-1, IF(AND(INDEX(Data_metier!$H:$H,MATCH($A8,Data_metier!$B:$B,0))-INDEX(Data_metier!$H:$H,MATCH(AD$1,Data_metier!$B:$B,0))> 0, INDEX(Data_metier!$H:$H,MATCH($A8,Data_metier!$B:$B,0))-INDEX(Data_metier!$H:$H,MATCH(AD$1,Data_metier!$B:$B,0))<=1), 1, IF(INDEX(Data_metier!$H:$H,MATCH($A8,Data_metier!$B:$B,0))-INDEX(Data_metier!$H:$H,MATCH(AD$1,Data_metier!$B:$B,0))> 1, 2, 0))) -> 2
A9: Opérateur(trice) logistique | B9: =IF(INDEX(Data_metier!$H:$H,MATCH($A9,Data_metier!$B:$B,0))-INDEX(Data_metier!$H:$H,MATCH(B$1,Data_metier!$B:$B,0))< 0,-1, IF(AND(INDEX(Data_metier!$H:$H,MATCH($A9,Data_metier!$B:$B,0))-INDEX(Data_metier!$H:$H,MATCH(B$1,Data_metier!$B:$B,0))> 0, INDEX(Data_metier!$H:$H,MATCH($A9,Data_metier!$B:$B,0))-INDEX(Data_metier!$H:$H,MATCH(B$1,Data_metier!$B:$B,0))<=1), 1, IF(INDEX(Data_metier!$H:$H,MATCH($A9,Data_metier!$B:$B,0))-INDEX(Data_metier!$H:$H,MATCH(B$1,Data_metier!$B:$B,0))> 1, 2, 0))) -> -1 | C9: =IF(INDEX(Data_metier!$H:$H,MATCH($A9,Data_metier!$B:$B,0))-INDEX(Data_metier!$H:$H,MATCH(C$1,Data_metier!$B:$B,0))< 0,-1, IF(AND(INDEX(Data_metier!$H:$H,MATCH($A9,Data_metier!$B:$B,0))-INDEX(Data_metier!$H:$H,MATCH(C$1,Data_metier!$B:$B,0))> 0, INDEX(Data_metier!$H:$H,MATCH($A9,Data_metier!$B:$B,0))-INDEX(Data_metier!$H:$H,MATCH(C$1,Data_metier!$B:$B,0))<=1), 1, IF(INDEX(Data_metier!$H:$H,MATCH($A9,Data_metier!$B:$B,0))-INDEX(Data_metier!$H:$H,MATCH(C$1,Data_metier!$B:$B,0))> 1, 2, 0))) -> -1 | D9: =IF(INDEX(Data_metier!$H:$H,MATCH($A9,Data_metier!$B:$B,0))-INDEX(Data_metier!$H:$H,MATCH(D$1,Data_metier!$B:$B,0))< 0,-1, IF(AND(INDEX(Data_metier!$H:$H,MATCH($A9,Data_metier!$B:$B,0))-INDEX(Data_metier!$H:$H,MATCH(D$1,Data_metier!$B:$B,0))> 0, INDEX(Data_metier!$H:$H,MATCH($A9,Data_metier!$B:$B,0))-INDEX(Data_metier!$H:$H,MATCH(D$1,Data_metier!$B:$B,0))<=1), 1, IF(INDEX(Data_metier!$H:$H,MATCH($A9,Data_metier!$B:$B,0))-INDEX(Data_metier!$H:$H,MATCH(D$1,Data_metier!$B:$B,0))> 1, 2, 0))) -> 0 | E9: =IF(INDEX(Data_metier!$H:$H,MATCH($A9,Data_metier!$B:$B,0))-INDEX(Data_metier!$H:$H,MATCH(E$1,Data_metier!$B:$B,0))< 0,-1, IF(AND(INDEX(Data_metier!$H:$H,MATCH($A9,Data_metier!$B:$B,0))-INDEX(Data_metier!$H:$H,MATCH(E$1,Data_metier!$B:$B,0))> 0, INDEX(Data_metier!$H:$H,MATCH($A9,Data_metier!$B:$B,0))-INDEX(Data_metier!$H:$H,MATCH(E$1,Data_metier!$B:$B,0))<=1), 1, IF(INDEX(Data_metier!$H:$H,MATCH($A9,Data_metier!$B:$B,0))-INDEX(Data_metier!$H:$H,MATCH(E$1,Data_metier!$B:$B,0))> 1, 2, 0))) -> -1 | F9: =IF(INDEX(Data_metier!$H:$H,MATCH($A9,Data_metier!$B:$B,0))-INDEX(Data_metier!$H:$H,MATCH(F$1,Data_metier!$B:$B,0))< 0,-1, IF(AND(INDEX(Data_metier!$H:$H,MATCH($A9,Data_metier!$B:$B,0))-INDEX(Data_metier!$H:$H,MATCH(F$1,Data_metier!$B:$B,0))> 0, INDEX(Data_metier!$H:$H,MATCH($A9,Data_metier!$B:$B,0))-INDEX(Data_metier!$H:$H,MATCH(F$1,Data_metier!$B:$B,0))<=1), 1, IF(INDEX(Data_metier!$H:$H,MATCH($A9,Data_metier!$B:$B,0))-INDEX(Data_metier!$H:$H,MATCH(F$1,Data_metier!$B:$B,0))> 1, 2, 0))) -> -1 | G9: =IF(INDEX(Data_metier!$H:$H,MATCH($A9,Data_metier!$B:$B,0))-INDEX(Data_metier!$H:$H,MATCH(G$1,Data_metier!$B:$B,0))< 0,-1, IF(AND(INDEX(Data_metier!$H:$H,MATCH($A9,Data_metier!$B:$B,0))-INDEX(Data_metier!$H:$H,MATCH(G$1,Data_metier!$B:$B,0))> 0, INDEX(Data_metier!$H:$H,MATCH($A9,Data_metier!$B:$B,0))-INDEX(Data_metier!$H:$H,MATCH(G$1,Data_metier!$B:$B,0))<=1), 1, IF(INDEX(Data_metier!$H:$H,MATCH($A9,Data_metier!$B:$B,0))-INDEX(Data_metier!$H:$H,MATCH(G$1,Data_metier!$B:$B,0))> 1, 2, 0))) -> -1 | H9: =IF(INDEX(Data_metier!$H:$H,MATCH($A9,Data_metier!$B:$B,0))-INDEX(Data_metier!$H:$H,MATCH(H$1,Data_metier!$B:$B,0))< 0,-1, IF(AND(INDEX(Data_metier!$H:$H,MATCH($A9,Data_metier!$B:$B,0))-INDEX(Data_metier!$H:$H,MATCH(H$1,Data_metier!$B:$B,0))> 0, INDEX(Data_metier!$H:$H,MATCH($A9,Data_metier!$B:$B,0))-INDEX(Data_metier!$H:$H,MATCH(H$1,Data_metier!$B:$B,0))<=1), 1, IF(INDEX(Data_metier!$H:$H,MATCH($A9,Data_metier!$B:$B,0))-INDEX(Data_metier!$H:$H,MATCH(H$1,Data_metier!$B:$B,0))> 1, 2, 0))) -> -1 | I9: =IF(INDEX(Data_metier!$H:$H,MATCH($A9,Data_metier!$B:$B,0))-INDEX(Data_metier!$H:$H,MATCH(I$1,Data_metier!$B:$B,0))< 0,-1, IF(AND(INDEX(Data_metier!$H:$H,MATCH($A9,Data_metier!$B:$B,0))-INDEX(Data_metier!$H:$H,MATCH(I$1,Data_metier!$B:$B,0))> 0, INDEX(Data_metier!$H:$H,MATCH($A9,Data_metier!$B:$B,0))-INDEX(Data_metier!$H:$H,MATCH(I$1,Data_metier!$B:$B,0))<=1), 1, IF(INDEX(Data_metier!$H:$H,MATCH($A9,Data_metier!$B:$B,0))-INDEX(Data_metier!$H:$H,MATCH(I$1,Data_metier!$B:$B,0))> 1, 2, 0))) -> 0 | ... AD9: =IF(INDEX(Data_metier!$H:$H,MATCH($A9,Data_metier!$B:$B,0))-INDEX(Data_metier!$H:$H,MATCH(AD$1,Data_metier!$B:$B,0))< 0,-1, IF(AND(INDEX(Data_metier!$H:$H,MATCH($A9,Data_metier!$B:$B,0))-INDEX(Data_metier!$H:$H,MATCH(AD$1,Data_metier!$B:$B,0))> 0, INDEX(Data_metier!$H:$H,MATCH($A9,Data_metier!$B:$B,0))-INDEX(Data_metier!$H:$H,MATCH(AD$1,Data_metier!$B:$B,0))<=1), 1, IF(INDEX(Data_metier!$H:$H,MATCH($A9,Data_metier!$B:$B,0))-INDEX(Data_metier!$H:$H,MATCH(AD$1,Data_metier!$B:$B,0))> 1, 2, 0))) -> -1
A10: Logisticien(ne) approvisionneur(se) | B10: =IF(INDEX(Data_metier!$H:$H,MATCH($A10,Data_metier!$B:$B,0))-INDEX(Data_metier!$H:$H,MATCH(B$1,Data_metier!$B:$B,0))< 0,-1, IF(AND(INDEX(Data_metier!$H:$H,MATCH($A10,Data_metier!$B:$B,0))-INDEX(Data_metier!$H:$H,MATCH(B$1,Data_metier!$B:$B,0))> 0, INDEX(Data_metier!$H:$H,MATCH($A10,Data_metier!$B:$B,0))-INDEX(Data_metier!$H:$H,MATCH(B$1,Data_metier!$B:$B,0))<=1), 1, IF(INDEX(Data_metier!$H:$H,MATCH($A10,Data_metier!$B:$B,0))-INDEX(Data_metier!$H:$H,MATCH(B$1,Data_metier!$B:$B,0))> 1, 2, 0))) -> 2 | C10: =IF(INDEX(Data_metier!$H:$H,MATCH($A10,Data_metier!$B:$B,0))-INDEX(Data_metier!$H:$H,MATCH(C$1,Data_metier!$B:$B,0))< 0,-1, IF(AND(INDEX(Data_metier!$H:$H,MATCH($A10,Data_metier!$B:$B,0))-INDEX(Data_metier!$H:$H,MATCH(C$1,Data_metier!$B:$B,0))> 0, INDEX(Data_metier!$H:$H,MATCH($A10,Data_metier!$B:$B,0))-INDEX(Data_metier!$H:$H,MATCH(C$1,Data_metier!$B:$B,0))<=1), 1, IF(INDEX(Data_metier!$H:$H,MATCH($A10,Data_metier!$B:$B,0))-INDEX(Data_metier!$H:$H,MATCH(C$1,Data_metier!$B:$B,0))> 1, 2, 0))) -> 2 | D10: =IF(INDEX(Data_metier!$H:$H,MATCH($A10,Data_metier!$B:$B,0))-INDEX(Data_metier!$H:$H,MATCH(D$1,Data_metier!$B:$B,0))< 0,-1, IF(AND(INDEX(Data_metier!$H:$H,MATCH($A10,Data_metier!$B:$B,0))-INDEX(Data_metier!$H:$H,MATCH(D$1,Data_metier!$B:$B,0))> 0, INDEX(Data_metier!$H:$H,MATCH($A10,Data_metier!$B:$B,0))-INDEX(Data_metier!$H:$H,MATCH(D$1,Data_metier!$B:$B,0))<=1), 1, IF(INDEX(Data_metier!$H:$H,MATCH($A10,Data_metier!$B:$B,0))-INDEX(Data_metier!$H:$H,MATCH(D$1,Data_metier!$B:$B,0))> 1, 2, 0))) -> 2 | E10: =IF(INDEX(Data_metier!$H:$H,MATCH($A10,Data_metier!$B:$B,0))-INDEX(Data_metier!$H:$H,MATCH(E$1,Data_metier!$B:$B,0))< 0,-1, IF(AND(INDEX(Data_metier!$H:$H,MATCH($A10,Data_metier!$B:$B,0))-INDEX(Data_metier!$H:$H,MATCH(E$1,Data_metier!$B:$B,0))> 0, INDEX(Data_metier!$H:$H,MATCH($A10,Data_metier!$B:$B,0))-INDEX(Data_metier!$H:$H,MATCH(E$1,Data_metier!$B:$B,0))<=1), 1, IF(INDEX(Data_metier!$H:$H,MATCH($A10,Data_metier!$B:$B,0))-INDEX(Data_metier!$H:$H,MATCH(E$1,Data_metier!$B:$B,0))> 1, 2, 0))) -> 0 | F10: =IF(INDEX(Data_metier!$H:$H,MATCH($A10,Data_metier!$B:$B,0))-INDEX(Data_metier!$H:$H,MATCH(F$1,Data_metier!$B:$B,0))< 0,-1, IF(AND(INDEX(Data_metier!$H:$H,MATCH($A10,Data_metier!$B:$B,0))-INDEX(Data_metier!$H:$H,MATCH(F$1,Data_metier!$B:$B,0))> 0, INDEX(Data_metier!$H:$H,MATCH($A10,Data_metier!$B:$B,0))-INDEX(Data_metier!$H:$H,MATCH(F$1,Data_metier!$B:$B,0))<=1), 1, IF(INDEX(Data_metier!$H:$H,MATCH($A10,Data_metier!$B:$B,0))-INDEX(Data_metier!$H:$H,MATCH(F$1,Data_metier!$B:$B,0))> 1, 2, 0))) -> -1 | G10: =IF(INDEX(Data_metier!$H:$H,MATCH($A10,Data_metier!$B:$B,0))-INDEX(Data_metier!$H:$H,MATCH(G$1,Data_metier!$B:$B,0))< 0,-1, IF(AND(INDEX(Data_metier!$H:$H,MATCH($A10,Data_metier!$B:$B,0))-INDEX(Data_metier!$H:$H,MATCH(G$1,Data_metier!$B:$B,0))> 0, INDEX(Data_metier!$H:$H,MATCH($A10,Data_metier!$B:$B,0))-INDEX(Data_metier!$H:$H,MATCH(G$1,Data_metier!$B:$B,0))<=1), 1, IF(INDEX(Data_metier!$H:$H,MATCH($A10,Data_metier!$B:$B,0))-INDEX(Data_metier!$H:$H,MATCH(G$1,Data_metier!$B:$B,0))> 1, 2, 0))) -> -1 | H10: =IF(INDEX(Data_metier!$H:$H,MATCH($A10,Data_metier!$B:$B,0))-INDEX(Data_metier!$H:$H,MATCH(H$1,Data_metier!$B:$B,0))< 0,-1, IF(AND(INDEX(Data_metier!$H:$H,MATCH($A10,Data_metier!$B:$B,0))-INDEX(Data_metier!$H:$H,MATCH(H$1,Data_metier!$B:$B,0))> 0, INDEX(Data_metier!$H:$H,MATCH($A10,Data_metier!$B:$B,0))-INDEX(Data_metier!$H:$H,MATCH(H$1,Data_metier!$B:$B,0))<=1), 1, IF(INDEX(Data_metier!$H:$H,MATCH($A10,Data_metier!$B:$B,0))-INDEX(Data_metier!$H:$H,MATCH(H$1,Data_metier!$B:$B,0))> 1, 2, 0))) -> -1 | I10: =IF(INDEX(Data_metier!$H:$H,MATCH($A10,Data_metier!$B:$B,0))-INDEX(Data_metier!$H:$H,MATCH(I$1,Data_metier!$B:$B,0))< 0,-1, IF(AND(INDEX(Data_metier!$H:$H,MATCH($A10,Data_metier!$B:$B,0))-INDEX(Data_metier!$H:$H,MATCH(I$1,Data_metier!$B:$B,0))> 0, INDEX(Data_metier!$H:$H,MATCH($A10,Data_metier!$B:$B,0))-INDEX(Data_metier!$H:$H,MATCH(I$1,Data_metier!$B:$B,0))<=1), 1, IF(INDEX(Data_metier!$H:$H,MATCH($A10,Data_metier!$B:$B,0))-INDEX(Data_metier!$H:$H,MATCH(I$1,Data_metier!$B:$B,0))> 1, 2, 0))) -> 2 | ... AD10: =IF(INDEX(Data_metier!$H:$H,MATCH($A10,Data_metier!$B:$B,0))-INDEX(Data_metier!$H:$H,MATCH(AD$1,Data_metier!$B:$B,0))< 0,-1, IF(AND(INDEX(Data_metier!$H:$H,MATCH($A10,Data_metier!$B:$B,0))-INDEX(Data_metier!$H:$H,MATCH(AD$1,Data_metier!$B:$B,0))> 0, INDEX(Data_metier!$H:$H,MATCH($A10,Data_metier!$B:$B,0))-INDEX(Data_metier!$H:$H,MATCH(AD$1,Data_metier!$B:$B,0))<=1), 1, IF(INDEX(Data_metier!$H:$H,MATCH($A10,Data_metier!$B:$B,0))-INDEX(Data_metier!$H:$H,MATCH(AD$1,Data_metier!$B:$B,0))> 1, 2, 0))) -> 1
A11: Responsable de production de produits alimentaires (fabrication / conditionnement) | B11: =IF(INDEX(Data_metier!$H:$H,MATCH($A11,Data_metier!$B:$B,0))-INDEX(Data_metier!$H:$H,MATCH(B$1,Data_metier!$B:$B,0))< 0,-1, IF(AND(INDEX(Data_metier!$H:$H,MATCH($A11,Data_metier!$B:$B,0))-INDEX(Data_metier!$H:$H,MATCH(B$1,Data_metier!$B:$B,0))> 0, INDEX(Data_metier!$H:$H,MATCH($A11,Data_metier!$B:$B,0))-INDEX(Data_metier!$H:$H,MATCH(B$1,Data_metier!$B:$B,0))<=1), 1, IF(INDEX(Data_metier!$H:$H,MATCH($A11,Data_metier!$B:$B,0))-INDEX(Data_metier!$H:$H,MATCH(B$1,Data_metier!$B:$B,0))> 1, 2, 0))) -> 2 | C11: =IF(INDEX(Data_metier!$H:$H,MATCH($A11,Data_metier!$B:$B,0))-INDEX(Data_metier!$H:$H,MATCH(C$1,Data_metier!$B:$B,0))< 0,-1, IF(AND(INDEX(Data_metier!$H:$H,MATCH($A11,Data_metier!$B:$B,0))-INDEX(Data_metier!$H:$H,MATCH(C$1,Data_metier!$B:$B,0))> 0, INDEX(Data_metier!$H:$H,MATCH($A11,Data_metier!$B:$B,0))-INDEX(Data_metier!$H:$H,MATCH(C$1,Data_metier!$B:$B,0))<=1), 1, IF(INDEX(Data_metier!$H:$H,MATCH($A11,Data_metier!$B:$B,0))-INDEX(Data_metier!$H:$H,MATCH(C$1,Data_metier!$B:$B,0))> 1, 2, 0))) -> 2 | D11: =IF(INDEX(Data_metier!$H:$H,MATCH($A11,Data_metier!$B:$B,0))-INDEX(Data_metier!$H:$H,MATCH(D$1,Data_metier!$B:$B,0))< 0,-1, IF(AND(INDEX(Data_metier!$H:$H,MATCH($A11,Data_metier!$B:$B,0))-INDEX(Data_metier!$H:$H,MATCH(D$1,Data_metier!$B:$B,0))> 0, INDEX(Data_metier!$H:$H,MATCH($A11,Data_metier!$B:$B,0))-INDEX(Data_metier!$H:$H,MATCH(D$1,Data_metier!$B:$B,0))<=1), 1, IF(INDEX(Data_metier!$H:$H,MATCH($A11,Data_metier!$B:$B,0))-INDEX(Data_metier!$H:$H,MATCH(D$1,Data_metier!$B:$B,0))> 1, 2, 0))) -> 2 | E11: =IF(INDEX(Data_metier!$H:$H,MATCH($A11,Data_metier!$B:$B,0))-INDEX(Data_metier!$H:$H,MATCH(E$1,Data_metier!$B:$B,0))< 0,-1, IF(AND(INDEX(Data_metier!$H:$H,MATCH($A11,Data_metier!$B:$B,0))-INDEX(Data_metier!$H:$H,MATCH(E$1,Data_metier!$B:$B,0))> 0, INDEX(Data_metier!$H:$H,MATCH($A11,Data_metier!$B:$B,0))-INDEX(Data_metier!$H:$H,MATCH(E$1,Data_metier!$B:$B,0))<=1), 1, IF(INDEX(Data_metier!$H:$H,MATCH($A11,Data_metier!$B:$B,0))-INDEX(Data_metier!$H:$H,MATCH(E$1,Data_metier!$B:$B,0))> 1, 2, 0))) -> 2 | F11: =IF(INDEX(Data_metier!$H:$H,MATCH($A11,Data_metier!$B:$B,0))-INDEX(Data_metier!$H:$H,MATCH(F$1,Data_metier!$B:$B,0))< 0,-1, IF(AND(INDEX(Data_metier!$H:$H,MATCH($A11,Data_metier!$B:$B,0))-INDEX(Data_metier!$H:$H,MATCH(F$1,Data_metier!$B:$B,0))> 0, INDEX(Data_metier!$H:$H,MATCH($A11,Data_metier!$B:$B,0))-INDEX(Data_metier!$H:$H,MATCH(F$1,Data_metier!$B:$B,0))<=1), 1, IF(INDEX(Data_metier!$H:$H,MATCH($A11,Data_metier!$B:$B,0))-INDEX(Data_metier!$H:$H,MATCH(F$1,Data_metier!$B:$B,0))> 1, 2, 0))) -> 1 | G11: =IF(INDEX(Data_metier!$H:$H,MATCH($A11,Data_metier!$B:$B,0))-INDEX(Data_metier!$H:$H,MATCH(G$1,Data_metier!$B:$B,0))< 0,-1, IF(AND(INDEX(Data_metier!$H:$H,MATCH($A11,Data_metier!$B:$B,0))-INDEX(Data_metier!$H:$H,MATCH(G$1,Data_metier!$B:$B,0))> 0, INDEX(Data_metier!$H:$H,MATCH($A11,Data_metier!$B:$B,0))-INDEX(Data_metier!$H:$H,MATCH(G$1,Data_metier!$B:$B,0))<=1), 1, IF(INDEX(Data_metier!$H:$H,MATCH($A11,Data_metier!$B:$B,0))-INDEX(Data_metier!$H:$H,MATCH(G$1,Data_metier!$B:$B,0))> 1, 2, 0))) -> 1 | H11: =IF(INDEX(Data_metier!$H:$H,MATCH($A11,Data_metier!$B:$B,0))-INDEX(Data_metier!$H:$H,MATCH(H$1,Data_metier!$B:$B,0))< 0,-1, IF(AND(INDEX(Data_metier!$H:$H,MATCH($A11,Data_metier!$B:$B,0))-INDEX(Data_metier!$H:$H,MATCH(H$1,Data_metier!$B:$B,0))> 0, INDEX(Data_metier!$H:$H,MATCH($A11,Data_metier!$B:$B,0))-INDEX(Data_metier!$H:$H,MATCH(H$1,Data_metier!$B:$B,0))<=1), 1, IF(INDEX(Data_metier!$H:$H,MATCH($A11,Data_metier!$B:$B,0))-INDEX(Data_metier!$H:$H,MATCH(H$1,Data_metier!$B:$B,0))> 1, 2, 0))) -> 1 | I11: =IF(INDEX(Data_metier!$H:$H,MATCH($A11,Data_metier!$B:$B,0))-INDEX(Data_metier!$H:$H,MATCH(I$1,Data_metier!$B:$B,0))< 0,-1, IF(AND(INDEX(Data_metier!$H:$H,MATCH($A11,Data_metier!$B:$B,0))-INDEX(Data_metier!$H:$H,MATCH(I$1,Data_metier!$B:$B,0))> 0, INDEX(Data_metier!$H:$H,MATCH($A11,Data_metier!$B:$B,0))-INDEX(Data_metier!$H:$H,MATCH(I$1,Data_metier!$B:$B,0))<=1), 1, IF(INDEX(Data_metier!$H:$H,MATCH($A11,Data_metier!$B:$B,0))-INDEX(Data_metier!$H:$H,MATCH(I$1,Data_metier!$B:$B,0))> 1, 2, 0))) -> 2 | ... AD11: =IF(INDEX(Data_metier!$H:$H,MATCH($A11,Data_metier!$B:$B,0))-INDEX(Data_metier!$H:$H,MATCH(AD$1,Data_metier!$B:$B,0))< 0,-1, IF(AND(INDEX(Data_metier!$H:$H,MATCH($A11,Data_metier!$B:$B,0))-INDEX(Data_metier!$H:$H,MATCH(AD$1,Data_metier!$B:$B,0))> 0, INDEX(Data_metier!$H:$H,MATCH($A11,Data_metier!$B:$B,0))-INDEX(Data_metier!$H:$H,MATCH(AD$1,Data_metier!$B:$B,0))<=1), 1, IF(INDEX(Data_metier!$H:$H,MATCH($A11,Data_metier!$B:$B,0))-INDEX(Data_metier!$H:$H,MATCH(AD$1,Data_metier!$B:$B,0))> 1, 2, 0))) -> 2
A12: Chauffeur(se) livreur(se) | B12: =IF(INDEX(Data_metier!$H:$H,MATCH($A12,Data_metier!$B:$B,0))-INDEX(Data_metier!$H:$H,MATCH(B$1,Data_metier!$B:$B,0))< 0,-1, IF(AND(INDEX(Data_metier!$H:$H,MATCH($A12,Data_metier!$B:$B,0))-INDEX(Data_metier!$H:$H,MATCH(B$1,Data_metier!$B:$B,0))> 0, INDEX(Data_metier!$H:$H,MATCH($A12,Data_metier!$B:$B,0))-INDEX(Data_metier!$H:$H,MATCH(B$1,Data_metier!$B:$B,0))<=1), 1, IF(INDEX(Data_metier!$H:$H,MATCH($A12,Data_metier!$B:$B,0))-INDEX(Data_metier!$H:$H,MATCH(B$1,Data_metier!$B:$B,0))> 1, 2, 0))) -> -1 | C12: =IF(INDEX(Data_metier!$H:$H,MATCH($A12,Data_metier!$B:$B,0))-INDEX(Data_metier!$H:$H,MATCH(C$1,Data_metier!$B:$B,0))< 0,-1, IF(AND(INDEX(Data_metier!$H:$H,MATCH($A12,Data_metier!$B:$B,0))-INDEX(Data_metier!$H:$H,MATCH(C$1,Data_metier!$B:$B,0))> 0, INDEX(Data_metier!$H:$H,MATCH($A12,Data_metier!$B:$B,0))-INDEX(Data_metier!$H:$H,MATCH(C$1,Data_metier!$B:$B,0))<=1), 1, IF(INDEX(Data_metier!$H:$H,MATCH($A12,Data_metier!$B:$B,0))-INDEX(Data_metier!$H:$H,MATCH(C$1,Data_metier!$B:$B,0))> 1, 2, 0))) -> -1 | D12: =IF(INDEX(Data_metier!$H:$H,MATCH($A12,Data_metier!$B:$B,0))-INDEX(Data_metier!$H:$H,MATCH(D$1,Data_metier!$B:$B,0))< 0,-1, IF(AND(INDEX(Data_metier!$H:$H,MATCH($A12,Data_metier!$B:$B,0))-INDEX(Data_metier!$H:$H,MATCH(D$1,Data_metier!$B:$B,0))> 0, INDEX(Data_metier!$H:$H,MATCH($A12,Data_metier!$B:$B,0))-INDEX(Data_metier!$H:$H,MATCH(D$1,Data_metier!$B:$B,0))<=1), 1, IF(INDEX(Data_metier!$H:$H,MATCH($A12,Data_metier!$B:$B,0))-INDEX(Data_metier!$H:$H,MATCH(D$1,Data_metier!$B:$B,0))> 1, 2, 0))) -> 0 | E12: =IF(INDEX(Data_metier!$H:$H,MATCH($A12,Data_metier!$B:$B,0))-INDEX(Data_metier!$H:$H,MATCH(E$1,Data_metier!$B:$B,0))< 0,-1, IF(AND(INDEX(Data_metier!$H:$H,MATCH($A12,Data_metier!$B:$B,0))-INDEX(Data_metier!$H:$H,MATCH(E$1,Data_metier!$B:$B,0))> 0, INDEX(Data_metier!$H:$H,MATCH($A12,Data_metier!$B:$B,0))-INDEX(Data_metier!$H:$H,MATCH(E$1,Data_metier!$B:$B,0))<=1), 1, IF(INDEX(Data_metier!$H:$H,MATCH($A12,Data_metier!$B:$B,0))-INDEX(Data_metier!$H:$H,MATCH(E$1,Data_metier!$B:$B,0))> 1, 2, 0))) -> -1 | F12: =IF(INDEX(Data_metier!$H:$H,MATCH($A12,Data_metier!$B:$B,0))-INDEX(Data_metier!$H:$H,MATCH(F$1,Data_metier!$B:$B,0))< 0,-1, IF(AND(INDEX(Data_metier!$H:$H,MATCH($A12,Data_metier!$B:$B,0))-INDEX(Data_metier!$H:$H,MATCH(F$1,Data_metier!$B:$B,0))> 0, INDEX(Data_metier!$H:$H,MATCH($A12,Data_metier!$B:$B,0))-INDEX(Data_metier!$H:$H,MATCH(F$1,Data_metier!$B:$B,0))<=1), 1, IF(INDEX(Data_metier!$H:$H,MATCH($A12,Data_metier!$B:$B,0))-INDEX(Data_metier!$H:$H,MATCH(F$1,Data_metier!$B:$B,0))> 1, 2, 0))) -> -1 | G12: =IF(INDEX(Data_metier!$H:$H,MATCH($A12,Data_metier!$B:$B,0))-INDEX(Data_metier!$H:$H,MATCH(G$1,Data_metier!$B:$B,0))< 0,-1, IF(AND(INDEX(Data_metier!$H:$H,MATCH($A12,Data_metier!$B:$B,0))-INDEX(Data_metier!$H:$H,MATCH(G$1,Data_metier!$B:$B,0))> 0, INDEX(Data_metier!$H:$H,MATCH($A12,Data_metier!$B:$B,0))-INDEX(Data_metier!$H:$H,MATCH(G$1,Data_metier!$B:$B,0))<=1), 1, IF(INDEX(Data_metier!$H:$H,MATCH($A12,Data_metier!$B:$B,0))-INDEX(Data_metier!$H:$H,MATCH(G$1,Data_metier!$B:$B,0))> 1, 2, 0))) -> -1 | H12: =IF(INDEX(Data_metier!$H:$H,MATCH($A12,Data_metier!$B:$B,0))-INDEX(Data_metier!$H:$H,MATCH(H$1,Data_metier!$B:$B,0))< 0,-1, IF(AND(INDEX(Data_metier!$H:$H,MATCH($A12,Data_metier!$B:$B,0))-INDEX(Data_metier!$H:$H,MATCH(H$1,Data_metier!$B:$B,0))> 0, INDEX(Data_metier!$H:$H,MATCH($A12,Data_metier!$B:$B,0))-INDEX(Data_metier!$H:$H,MATCH(H$1,Data_metier!$B:$B,0))<=1), 1, IF(INDEX(Data_metier!$H:$H,MATCH($A12,Data_metier!$B:$B,0))-INDEX(Data_metier!$H:$H,MATCH(H$1,Data_metier!$B:$B,0))> 1, 2, 0))) -> -1 | I12: =IF(INDEX(Data_metier!$H:$H,MATCH($A12,Data_metier!$B:$B,0))-INDEX(Data_metier!$H:$H,MATCH(I$1,Data_metier!$B:$B,0))< 0,-1, IF(AND(INDEX(Data_metier!$H:$H,MATCH($A12,Data_metier!$B:$B,0))-INDEX(Data_metier!$H:$H,MATCH(I$1,Data_metier!$B:$B,0))> 0, INDEX(Data_metier!$H:$H,MATCH($A12,Data_metier!$B:$B,0))-INDEX(Data_metier!$H:$H,MATCH(I$1,Data_metier!$B:$B,0))<=1), 1, IF(INDEX(Data_metier!$H:$H,MATCH($A12,Data_metier!$B:$B,0))-INDEX(Data_metier!$H:$H,MATCH(I$1,Data_metier!$B:$B,0))> 1, 2, 0))) -> 0 | ... AD12: =IF(INDEX(Data_metier!$H:$H,MATCH($A12,Data_metier!$B:$B,0))-INDEX(Data_metier!$H:$H,MATCH(AD$1,Data_metier!$B:$B,0))< 0,-1, IF(AND(INDEX(Data_metier!$H:$H,MATCH($A12,Data_metier!$B:$B,0))-INDEX(Data_metier!$H:$H,MATCH(AD$1,Data_metier!$B:$B,0))> 0, INDEX(Data_metier!$H:$H,MATCH($A12,Data_metier!$B:$B,0))-INDEX(Data_metier!$H:$H,MATCH(AD$1,Data_metier!$B:$B,0))<=1), 1, IF(INDEX(Data_metier!$H:$H,MATCH($A12,Data_metier!$B:$B,0))-INDEX(Data_metier!$H:$H,MATCH(AD$1,Data_metier!$B:$B,0))> 1, 2, 0))) -> -1
A13: Régleur(se) | B13: =IF(INDEX(Data_metier!$H:$H,MATCH($A13,Data_metier!$B:$B,0))-INDEX(Data_metier!$H:$H,MATCH(B$1,Data_metier!$B:$B,0))< 0,-1, IF(AND(INDEX(Data_metier!$H:$H,MATCH($A13,Data_metier!$B:$B,0))-INDEX(Data_metier!$H:$H,MATCH(B$1,Data_metier!$B:$B,0))> 0, INDEX(Data_metier!$H:$H,MATCH($A13,Data_metier!$B:$B,0))-INDEX(Data_metier!$H:$H,MATCH(B$1,Data_metier!$B:$B,0))<=1), 1, IF(INDEX(Data_metier!$H:$H,MATCH($A13,Data_metier!$B:$B,0))-INDEX(Data_metier!$H:$H,MATCH(B$1,Data_metier!$B:$B,0))> 1, 2, 0))) -> 0 | C13: =IF(INDEX(Data_metier!$H:$H,MATCH($A13,Data_metier!$B:$B,0))-INDEX(Data_metier!$H:$H,MATCH(C$1,Data_metier!$B:$B,0))< 0,-1, IF(AND(INDEX(Data_metier!$H:$H,MATCH($A13,Data_metier!$B:$B,0))-INDEX(Data_metier!$H:$H,MATCH(C$1,Data_metier!$B:$B,0))> 0, INDEX(Data_metier!$H:$H,MATCH($A13,Data_metier!$B:$B,0))-INDEX(Data_metier!$H:$H,MATCH(C$1,Data_metier!$B:$B,0))<=1), 1, IF(INDEX(Data_metier!$H:$H,MATCH($A13,Data_metier!$B:$B,0))-INDEX(Data_metier!$H:$H,MATCH(C$1,Data_metier!$B:$B,0))> 1, 2, 0))) -> 0 | D13: =IF(INDEX(Data_metier!$H:$H,MATCH($A13,Data_metier!$B:$B,0))-INDEX(Data_metier!$H:$H,MATCH(D$1,Data_metier!$B:$B,0))< 0,-1, IF(AND(INDEX(Data_metier!$H:$H,MATCH($A13,Data_metier!$B:$B,0))-INDEX(Data_metier!$H:$H,MATCH(D$1,Data_metier!$B:$B,0))> 0, INDEX(Data_metier!$H:$H,MATCH($A13,Data_metier!$B:$B,0))-INDEX(Data_metier!$H:$H,MATCH(D$1,Data_metier!$B:$B,0))<=1), 1, IF(INDEX(Data_metier!$H:$H,MATCH($A13,Data_metier!$B:$B,0))-INDEX(Data_metier!$H:$H,MATCH(D$1,Data_metier!$B:$B,0))> 1, 2, 0))) -> 1 | E13: =IF(INDEX(Data_metier!$H:$H,MATCH($A13,Data_metier!$B:$B,0))-INDEX(Data_metier!$H:$H,MATCH(E$1,Data_metier!$B:$B,0))< 0,-1, IF(AND(INDEX(Data_metier!$H:$H,MATCH($A13,Data_metier!$B:$B,0))-INDEX(Data_metier!$H:$H,MATCH(E$1,Data_metier!$B:$B,0))> 0, INDEX(Data_metier!$H:$H,MATCH($A13,Data_metier!$B:$B,0))-INDEX(Data_metier!$H:$H,MATCH(E$1,Data_metier!$B:$B,0))<=1), 1, IF(INDEX(Data_metier!$H:$H,MATCH($A13,Data_metier!$B:$B,0))-INDEX(Data_metier!$H:$H,MATCH(E$1,Data_metier!$B:$B,0))> 1, 2, 0))) -> -1 | F13: =IF(INDEX(Data_metier!$H:$H,MATCH($A13,Data_metier!$B:$B,0))-INDEX(Data_metier!$H:$H,MATCH(F$1,Data_metier!$B:$B,0))< 0,-1, IF(AND(INDEX(Data_metier!$H:$H,MATCH($A13,Data_metier!$B:$B,0))-INDEX(Data_metier!$H:$H,MATCH(F$1,Data_metier!$B:$B,0))> 0, INDEX(Data_metier!$H:$H,MATCH($A13,Data_metier!$B:$B,0))-INDEX(Data_metier!$H:$H,MATCH(F$1,Data_metier!$B:$B,0))<=1), 1, IF(INDEX(Data_metier!$H:$H,MATCH($A13,Data_metier!$B:$B,0))-INDEX(Data_metier!$H:$H,MATCH(F$1,Data_metier!$B:$B,0))> 1, 2, 0))) -> -1 | G13: =IF(INDEX(Data_metier!$H:$H,MATCH($A13,Data_metier!$B:$B,0))-INDEX(Data_metier!$H:$H,MATCH(G$1,Data_metier!$B:$B,0))< 0,-1, IF(AND(INDEX(Data_metier!$H:$H,MATCH($A13,Data_metier!$B:$B,0))-INDEX(Data_metier!$H:$H,MATCH(G$1,Data_metier!$B:$B,0))> 0, INDEX(Data_metier!$H:$H,MATCH($A13,Data_metier!$B:$B,0))-INDEX(Data_metier!$H:$H,MATCH(G$1,Data_metier!$B:$B,0))<=1), 1, IF(INDEX(Data_metier!$H:$H,MATCH($A13,Data_metier!$B:$B,0))-INDEX(Data_metier!$H:$H,MATCH(G$1,Data_metier!$B:$B,0))> 1, 2, 0))) -> -1 | H13: =IF(INDEX(Data_metier!$H:$H,MATCH($A13,Data_metier!$B:$B,0))-INDEX(Data_metier!$H:$H,MATCH(H$1,Data_metier!$B:$B,0))< 0,-1, IF(AND(INDEX(Data_metier!$H:$H,MATCH($A13,Data_metier!$B:$B,0))-INDEX(Data_metier!$H:$H,MATCH(H$1,Data_metier!$B:$B,0))> 0, INDEX(Data_metier!$H:$H,MATCH($A13,Data_metier!$B:$B,0))-INDEX(Data_metier!$H:$H,MATCH(H$1,Data_metier!$B:$B,0))<=1), 1, IF(INDEX(Data_metier!$H:$H,MATCH($A13,Data_metier!$B:$B,0))-INDEX(Data_metier!$H:$H,MATCH(H$1,Data_metier!$B:$B,0))> 1, 2, 0))) -> -1 | I13: =IF(INDEX(Data_metier!$H:$H,MATCH($A13,Data_metier!$B:$B,0))-INDEX(Data_metier!$H:$H,MATCH(I$1,Data_metier!$B:$B,0))< 0,-1, IF(AND(INDEX(Data_metier!$H:$H,MATCH($A13,Data_metier!$B:$B,0))-INDEX(Data_metier!$H:$H,MATCH(I$1,Data_metier!$B:$B,0))> 0, INDEX(Data_metier!$H:$H,MATCH($A13,Data_metier!$B:$B,0))-INDEX(Data_metier!$H:$H,MATCH(I$1,Data_metier!$B:$B,0))<=1), 1, IF(INDEX(Data_metier!$H:$H,MATCH($A13,Data_metier!$B:$B,0))-INDEX(Data_metier!$H:$H,MATCH(I$1,Data_metier!$B:$B,0))> 1, 2, 0))) -> 1 | ... AD13: =IF(INDEX(Data_metier!$H:$H,MATCH($A13,Data_metier!$B:$B,0))-INDEX(Data_metier!$H:$H,MATCH(AD$1,Data_metier!$B:$B,0))< 0,-1, IF(AND(INDEX(Data_metier!$H:$H,MATCH($A13,Data_metier!$B:$B,0))-INDEX(Data_metier!$H:$H,MATCH(AD$1,Data_metier!$B:$B,0))> 0, INDEX(Data_metier!$H:$H,MATCH($A13,Data_metier!$B:$B,0))-INDEX(Data_metier!$H:$H,MATCH(AD$1,Data_metier!$B:$B,0))<=1), 1, IF(INDEX(Data_metier!$H:$H,MATCH($A13,Data_metier!$B:$B,0))-INDEX(Data_metier!$H:$H,MATCH(AD$1,Data_metier!$B:$B,0))> 1, 2, 0))) -> -1
A14: Spécialiste procédés et installations de production alimentaire | B14: =IF(INDEX(Data_metier!$H:$H,MATCH($A14,Data_metier!$B:$B,0))-INDEX(Data_metier!$H:$H,MATCH(B$1,Data_metier!$B:$B,0))< 0,-1, IF(AND(INDEX(Data_metier!$H:$H,MATCH($A14,Data_metier!$B:$B,0))-INDEX(Data_metier!$H:$H,MATCH(B$1,Data_metier!$B:$B,0))> 0, INDEX(Data_metier!$H:$H,MATCH($A14,Data_metier!$B:$B,0))-INDEX(Data_metier!$H:$H,MATCH(B$1,Data_metier!$B:$B,0))<=1), 1, IF(INDEX(Data_metier!$H:$H,MATCH($A14,Data_metier!$B:$B,0))-INDEX(Data_metier!$H:$H,MATCH(B$1,Data_metier!$B:$B,0))> 1, 2, 0))) -> 1 | C14: =IF(INDEX(Data_metier!$H:$H,MATCH($A14,Data_metier!$B:$B,0))-INDEX(Data_metier!$H:$H,MATCH(C$1,Data_metier!$B:$B,0))< 0,-1, IF(AND(INDEX(Data_metier!$H:$H,MATCH($A14,Data_metier!$B:$B,0))-INDEX(Data_metier!$H:$H,MATCH(C$1,Data_metier!$B:$B,0))> 0, INDEX(Data_metier!$H:$H,MATCH($A14,Data_metier!$B:$B,0))-INDEX(Data_metier!$H:$H,MATCH(C$1,Data_metier!$B:$B,0))<=1), 1, IF(INDEX(Data_metier!$H:$H,MATCH($A14,Data_metier!$B:$B,0))-INDEX(Data_metier!$H:$H,MATCH(C$1,Data_metier!$B:$B,0))> 1, 2, 0))) -> 1 | D14: =IF(INDEX(Data_metier!$H:$H,MATCH($A14,Data_metier!$B:$B,0))-INDEX(Data_metier!$H:$H,MATCH(D$1,Data_metier!$B:$B,0))< 0,-1, IF(AND(INDEX(Data_metier!$H:$H,MATCH($A14,Data_metier!$B:$B,0))-INDEX(Data_metier!$H:$H,MATCH(D$1,Data_metier!$B:$B,0))> 0, INDEX(Data_metier!$H:$H,MATCH($A14,Data_metier!$B:$B,0))-INDEX(Data_metier!$H:$H,MATCH(D$1,Data_metier!$B:$B,0))<=1), 1, IF(INDEX(Data_metier!$H:$H,MATCH($A14,Data_metier!$B:$B,0))-INDEX(Data_metier!$H:$H,MATCH(D$1,Data_metier!$B:$B,0))> 1, 2, 0))) -> 2 | E14: =IF(INDEX(Data_metier!$H:$H,MATCH($A14,Data_metier!$B:$B,0))-INDEX(Data_metier!$H:$H,MATCH(E$1,Data_metier!$B:$B,0))< 0,-1, IF(AND(INDEX(Data_metier!$H:$H,MATCH($A14,Data_metier!$B:$B,0))-INDEX(Data_metier!$H:$H,MATCH(E$1,Data_metier!$B:$B,0))> 0, INDEX(Data_metier!$H:$H,MATCH($A14,Data_metier!$B:$B,0))-INDEX(Data_metier!$H:$H,MATCH(E$1,Data_metier!$B:$B,0))<=1), 1, IF(INDEX(Data_metier!$H:$H,MATCH($A14,Data_metier!$B:$B,0))-INDEX(Data_metier!$H:$H,MATCH(E$1,Data_metier!$B:$B,0))> 1, 2, 0))) -> -1 | F14: =IF(INDEX(Data_metier!$H:$H,MATCH($A14,Data_metier!$B:$B,0))-INDEX(Data_metier!$H:$H,MATCH(F$1,Data_metier!$B:$B,0))< 0,-1, IF(AND(INDEX(Data_metier!$H:$H,MATCH($A14,Data_metier!$B:$B,0))-INDEX(Data_metier!$H:$H,MATCH(F$1,Data_metier!$B:$B,0))> 0, INDEX(Data_metier!$H:$H,MATCH($A14,Data_metier!$B:$B,0))-INDEX(Data_metier!$H:$H,MATCH(F$1,Data_metier!$B:$B,0))<=1), 1, IF(INDEX(Data_metier!$H:$H,MATCH($A14,Data_metier!$B:$B,0))-INDEX(Data_metier!$H:$H,MATCH(F$1,Data_metier!$B:$B,0))> 1, 2, 0))) -> -1 | G14: =IF(INDEX(Data_metier!$H:$H,MATCH($A14,Data_metier!$B:$B,0))-INDEX(Data_metier!$H:$H,MATCH(G$1,Data_metier!$B:$B,0))< 0,-1, IF(AND(INDEX(Data_metier!$H:$H,MATCH($A14,Data_metier!$B:$B,0))-INDEX(Data_metier!$H:$H,MATCH(G$1,Data_metier!$B:$B,0))> 0, INDEX(Data_metier!$H:$H,MATCH($A14,Data_metier!$B:$B,0))-INDEX(Data_metier!$H:$H,MATCH(G$1,Data_metier!$B:$B,0))<=1), 1, IF(INDEX(Data_metier!$H:$H,MATCH($A14,Data_metier!$B:$B,0))-INDEX(Data_metier!$H:$H,MATCH(G$1,Data_metier!$B:$B,0))> 1, 2, 0))) -> -1 | H14: =IF(INDEX(Data_metier!$H:$H,MATCH($A14,Data_metier!$B:$B,0))-INDEX(Data_metier!$H:$H,MATCH(H$1,Data_metier!$B:$B,0))< 0,-1, IF(AND(INDEX(Data_metier!$H:$H,MATCH($A14,Data_metier!$B:$B,0))-INDEX(Data_metier!$H:$H,MATCH(H$1,Data_metier!$B:$B,0))> 0, INDEX(Data_metier!$H:$H,MATCH($A14,Data_metier!$B:$B,0))-INDEX(Data_metier!$H:$H,MATCH(H$1,Data_metier!$B:$B,0))<=1), 1, IF(INDEX(Data_metier!$H:$H,MATCH($A14,Data_metier!$B:$B,0))-INDEX(Data_metier!$H:$H,MATCH(H$1,Data_metier!$B:$B,0))> 1, 2, 0))) -> -1 | I14: =IF(INDEX(Data_metier!$H:$H,MATCH($A14,Data_metier!$B:$B,0))-INDEX(Data_metier!$H:$H,MATCH(I$1,Data_metier!$B:$B,0))< 0,-1, IF(AND(INDEX(Data_metier!$H:$H,MATCH($A14,Data_metier!$B:$B,0))-INDEX(Data_metier!$H:$H,MATCH(I$1,Data_metier!$B:$B,0))> 0, INDEX(Data_metier!$H:$H,MATCH($A14,Data_metier!$B:$B,0))-INDEX(Data_metier!$H:$H,MATCH(I$1,Data_metier!$B:$B,0))<=1), 1, IF(INDEX(Data_metier!$H:$H,MATCH($A14,Data_metier!$B:$B,0))-INDEX(Data_metier!$H:$H,MATCH(I$1,Data_metier!$B:$B,0))> 1, 2, 0))) -> 2 | ... AD14: =IF(INDEX(Data_metier!$H:$H,MATCH($A14,Data_metier!$B:$B,0))-INDEX(Data_metier!$H:$H,MATCH(AD$1,Data_metier!$B:$B,0))< 0,-1, IF(AND(INDEX(Data_metier!$H:$H,MATCH($A14,Data_metier!$B:$B,0))-INDEX(Data_metier!$H:$H,MATCH(AD$1,Data_metier!$B:$B,0))> 0, INDEX(Data_metier!$H:$H,MATCH($A14,Data_metier!$B:$B,0))-INDEX(Data_metier!$H:$H,MATCH(AD$1,Data_metier!$B:$B,0))<=1), 1, IF(INDEX(Data_metier!$H:$H,MATCH($A14,Data_metier!$B:$B,0))-INDEX(Data_metier!$H:$H,MATCH(AD$1,Data_metier!$B:$B,0))> 1, 2, 0))) -> 1
... A30: Electromécanicien(ne) de maintenance industrielle | B30: =IF(INDEX(Data_metier!$H:$H,MATCH($A30,Data_metier!$B:$B,0))-INDEX(Data_metier!$H:$H,MATCH(B$1,Data_metier!$B:$B,0))< 0,-1, IF(AND(INDEX(Data_metier!$H:$H,MATCH($A30,Data_metier!$B:$B,0))-INDEX(Data_metier!$H:$H,MATCH(B$1,Data_metier!$B:$B,0))> 0, INDEX(Data_metier!$H:$H,MATCH($A30,Data_metier!$B:$B,0))-INDEX(Data_metier!$H:$H,MATCH(B$1,Data_metier!$B:$B,0))<=1), 1, IF(INDEX(Data_metier!$H:$H,MATCH($A30,Data_metier!$B:$B,0))-INDEX(Data_metier!$H:$H,MATCH(B$1,Data_metier!$B:$B,0))> 1, 2, 0))) -> 1 | C30: =IF(INDEX(Data_metier!$H:$H,MATCH($A30,Data_metier!$B:$B,0))-INDEX(Data_metier!$H:$H,MATCH(C$1,Data_metier!$B:$B,0))< 0,-1, IF(AND(INDEX(Data_metier!$H:$H,MATCH($A30,Data_metier!$B:$B,0))-INDEX(Data_metier!$H:$H,MATCH(C$1,Data_metier!$B:$B,0))> 0, INDEX(Data_metier!$H:$H,MATCH($A30,Data_metier!$B:$B,0))-INDEX(Data_metier!$H:$H,MATCH(C$1,Data_metier!$B:$B,0))<=1), 1, IF(INDEX(Data_metier!$H:$H,MATCH($A30,Data_metier!$B:$B,0))-INDEX(Data_metier!$H:$H,MATCH(C$1,Data_metier!$B:$B,0))> 1, 2, 0))) -> 1 | D30: =IF(INDEX(Data_metier!$H:$H,MATCH($A30,Data_metier!$B:$B,0))-INDEX(Data_metier!$H:$H,MATCH(D$1,Data_metier!$B:$B,0))< 0,-1, IF(AND(INDEX(Data_metier!$H:$H,MATCH($A30,Data_metier!$B:$B,0))-INDEX(Data_metier!$H:$H,MATCH(D$1,Data_metier!$B:$B,0))> 0, INDEX(Data_metier!$H:$H,MATCH($A30,Data_metier!$B:$B,0))-INDEX(Data_metier!$H:$H,MATCH(D$1,Data_metier!$B:$B,0))<=1), 1, IF(INDEX(Data_metier!$H:$H,MATCH($A30,Data_metier!$B:$B,0))-INDEX(Data_metier!$H:$H,MATCH(D$1,Data_metier!$B:$B,0))> 1, 2, 0))) -> 2 | E30: =IF(INDEX(Data_metier!$H:$H,MATCH($A30,Data_metier!$B:$B,0))-INDEX(Data_metier!$H:$H,MATCH(E$1,Data_metier!$B:$B,0))< 0,-1, IF(AND(INDEX(Data_metier!$H:$H,MATCH($A30,Data_metier!$B:$B,0))-INDEX(Data_metier!$H:$H,MATCH(E$1,Data_metier!$B:$B,0))> 0, INDEX(Data_metier!$H:$H,MATCH($A30,Data_metier!$B:$B,0))-INDEX(Data_metier!$H:$H,MATCH(E$1,Data_metier!$B:$B,0))<=1), 1, IF(INDEX(Data_metier!$H:$H,MATCH($A30,Data_metier!$B:$B,0))-INDEX(Data_metier!$H:$H,MATCH(E$1,Data_metier!$B:$B,0))> 1, 2, 0))) -> -1 | F30: =IF(INDEX(Data_metier!$H:$H,MATCH($A30,Data_metier!$B:$B,0))-INDEX(Data_metier!$H:$H,MATCH(F$1,Data_metier!$B:$B,0))< 0,-1, IF(AND(INDEX(Data_metier!$H:$H,MATCH($A30,Data_metier!$B:$B,0))-INDEX(Data_metier!$H:$H,MATCH(F$1,Data_metier!$B:$B,0))> 0, INDEX(Data_metier!$H:$H,MATCH($A30,Data_metier!$B:$B,0))-INDEX(Data_metier!$H:$H,MATCH(F$1,Data_metier!$B:$B,0))<=1), 1, IF(INDEX(Data_metier!$H:$H,MATCH($A30,Data_metier!$B:$B,0))-INDEX(Data_metier!$H:$H,MATCH(F$1,Data_metier!$B:$B,0))> 1, 2, 0))) -> -1 | G30: =IF(INDEX(Data_metier!$H:$H,MATCH($A30,Data_metier!$B:$B,0))-INDEX(Data_metier!$H:$H,MATCH(G$1,Data_metier!$B:$B,0))< 0,-1, IF(AND(INDEX(Data_metier!$H:$H,MATCH($A30,Data_metier!$B:$B,0))-INDEX(Data_metier!$H:$H,MATCH(G$1,Data_metier!$B:$B,0))> 0, INDEX(Data_metier!$H:$H,MATCH($A30,Data_metier!$B:$B,0))-INDEX(Data_metier!$H:$H,MATCH(G$1,Data_metier!$B:$B,0))<=1), 1, IF(INDEX(Data_metier!$H:$H,MATCH($A30,Data_metier!$B:$B,0))-INDEX(Data_metier!$H:$H,MATCH(G$1,Data_metier!$B:$B,0))> 1, 2, 0))) -> -1 | H30: =IF(INDEX(Data_metier!$H:$H,MATCH($A30,Data_metier!$B:$B,0))-INDEX(Data_metier!$H:$H,MATCH(H$1,Data_metier!$B:$B,0))< 0,-1, IF(AND(INDEX(Data_metier!$H:$H,MATCH($A30,Data_metier!$B:$B,0))-INDEX(Data_metier!$H:$H,MATCH(H$1,Data_metier!$B:$B,0))> 0, INDEX(Data_metier!$H:$H,MATCH($A30,Data_metier!$B:$B,0))-INDEX(Data_metier!$H:$H,MATCH(H$1,Data_metier!$B:$B,0))<=1), 1, IF(INDEX(Data_metier!$H:$H,MATCH($A30,Data_metier!$B:$B,0))-INDEX(Data_metier!$H:$H,MATCH(H$1,Data_metier!$B:$B,0))> 1, 2, 0))) -> -1 | I30: =IF(INDEX(Data_metier!$H:$H,MATCH($A30,Data_metier!$B:$B,0))-INDEX(Data_metier!$H:$H,MATCH(I$1,Data_metier!$B:$B,0))< 0,-1, IF(AND(INDEX(Data_metier!$H:$H,MATCH($A30,Data_metier!$B:$B,0))-INDEX(Data_metier!$H:$H,MATCH(I$1,Data_metier!$B:$B,0))> 0, INDEX(Data_metier!$H:$H,MATCH($A30,Data_metier!$B:$B,0))-INDEX(Data_metier!$H:$H,MATCH(I$1,Data_metier!$B:$B,0))<=1), 1, IF(INDEX(Data_metier!$H:$H,MATCH($A30,Data_metier!$B:$B,0))-INDEX(Data_metier!$H:$H,MATCH(I$1,Data_metier!$B:$B,0))> 1, 2, 0))) -> 2 | ... AD30: =IF(INDEX(Data_metier!$H:$H,MATCH($A30,Data_metier!$B:$B,0))-INDEX(Data_metier!$H:$H,MATCH(AD$1,Data_metier!$B:$B,0))< 0,-1, IF(AND(INDEX(Data_metier!$H:$H,MATCH($A30,Data_metier!$B:$B,0))-INDEX(Data_metier!$H:$H,MATCH(AD$1,Data_metier!$B:$B,0))> 0, INDEX(Data_metier!$H:$H,MATCH($A30,Data_metier!$B:$B,0))-INDEX(Data_metier!$H:$H,MATCH(AD$1,Data_metier!$B:$B,0))<=1), 1, IF(INDEX(Data_metier!$H:$H,MATCH($A30,Data_metier!$B:$B,0))-INDEX(Data_metier!$H:$H,MATCH(AD$1,Data_metier!$B:$B,0))> 1, 2, 0))) -> 0

Sheet DE_respon_transv
B1: {=TRANSPOSE(Tableau1[INT_METIER])} -> Caviste | C1: Agent de silo | D1: Opérateur(trice) logistique | E1: Manager(euse) logistique | F1: Maître(sse) de chai | G1: Superviseur(se) de production (fabrication / conditionnement) | H1: Spécialiste planning / ordonnancement | I1: Opérateur(trice) logistique | J1: Logisticien(ne) approvisionneur(se) | K1: Responsable de production de produits alimentaires (fabrication / conditionnement) | L1: Chauffeur(se) livreur(se) | M1: Régleur(se) | N1: Spécialiste procédés et installations de production alimentaire | O1: Conducteur(trice) de livraison et de collecte | P1: Opérateur(trice) hygiène / sanitation | Q1: Chef(fe) de silo | R1: Acheteur(se) / négociateur(trice) de matières premières | S1: Opérateur(trice) de production alimentaire | T1: Conducteur(trice) de machine(s) de production alimentaire (fabrication / conditionnement) | U1: Boulanger(ère)/pâtissier(ère) industriel(le) | V1: Conducteur(trice) de ligne(s)de production alimentaire (fabrication/conditionnement) | W1: Conducteur(trice) de process de production alimentaire | X1: Responsable de plateforme/ d’exploitation logistique | Y1: Opérateur(trice) de transformation des viandes | Z1: Fromager(ère) industriel(le) | AA1: Opérateur(trice) de préparation de poissons et de produits de la mer | AB1: Mécanicien(ne) de maintenance industrielle | AC1: Mécanicien(ne)-sertisseur(euse) | AD1: Electromécanicien(ne) de maintenance industrielle
A2: {=Tableau1[INT_METIER]} -> Caviste | B2: =IF(AND(INDEX(Data_metier!$F:$F,MATCH(B$1,Data_metier!$B:$B,0))="Non significatif", INDEX(Data_metier!$F:$F,MATCH($A2,Data_metier!$B:$B,0))="Significatif"), DE_niv_form!B2+0.5, DE_niv_form!B2) -> 0 | C2: =IF(AND(INDEX(Data_metier!$F:$F,MATCH(C$1,Data_metier!$B:$B,0))="Non significatif", INDEX(Data_metier!$F:$F,MATCH($A2,Data_metier!$B:$B,0))="Significatif"), DE_niv_form!C2+0.5, DE_niv_form!C2) -> 0 | D2: =IF(AND(INDEX(Data_metier!$F:$F,MATCH(D$1,Data_metier!$B:$B,0))="Non significatif", INDEX(Data_metier!$F:$F,MATCH($A2,Data_metier!$B:$B,0))="Significatif"), DE_niv_form!D2+0.5, DE_niv_form!D2) -> 1 | E2: =IF(AND(INDEX(Data_metier!$F:$F,MATCH(E$1,Data_metier!$B:$B,0))="Non significatif", INDEX(Data_metier!$F:$F,MATCH($A2,Data_metier!$B:$B,0))="Significatif"), DE_niv_form!E2+0.5, DE_niv_form!E2) -> -1 | F2: =IF(AND(INDEX(Data_metier!$F:$F,MATCH(F$1,Data_metier!$B:$B,0))="Non significatif", INDEX(Data_metier!$F:$F,MATCH($A2,Data_metier!$B:$B,0))="Significatif"), DE_niv_form!F2+0.5, DE_niv_form!F2) -> -1 | G2: =IF(AND(INDEX(Data_metier!$F:$F,MATCH(G$1,Data_metier!$B:$B,0))="Non significatif", INDEX(Data_metier!$F:$F,MATCH($A2,Data_metier!$B:$B,0))="Significatif"), DE_niv_form!G2+0.5, DE_niv_form!G2) -> -1 | H2: =IF(AND(INDEX(Data_metier!$F:$F,MATCH(H$1,Data_metier!$B:$B,0))="Non significatif", INDEX(Data_metier!$F:$F,MATCH($A2,Data_metier!$B:$B,0))="Significatif"), DE_niv_form!H2+0.5, DE_niv_form!H2) -> -1 | I2: =IF(AND(INDEX(Data_metier!$F:$F,MATCH(I$1,Data_metier!$B:$B,0))="Non significatif", INDEX(Data_metier!$F:$F,MATCH($A2,Data_metier!$B:$B,0))="Significatif"), DE_niv_form!I2+0.5, DE_niv_form!I2) -> 1 | ... AD2: =IF(AND(INDEX(Data_metier!$F:$F,MATCH(AD$1,Data_metier!$B:$B,0))="Non significatif", INDEX(Data_metier!$F:$F,MATCH($A2,Data_metier!$B:$B,0))="Significatif"), DE_niv_form!AD2+0.5, DE_niv_form!AD2) -> -1
A3: Agent de silo | B3: =IF(AND(INDEX(Data_metier!$F:$F,MATCH(B$1,Data_metier!$B:$B,0))="Non significatif", INDEX(Data_metier!$F:$F,MATCH($A3,Data_metier!$B:$B,0))="Significatif"), DE_niv_form!B3+0.5, DE_niv_form!B3) -> 0 | C3: =IF(AND(INDEX(Data_metier!$F:$F,MATCH(C$1,Data_metier!$B:$B,0))="Non significatif", INDEX(Data_metier!$F:$F,MATCH($A3,Data_metier!$B:$B,0))="Significatif"), DE_niv_form!C3+0.5, DE_niv_form!C3) -> 0 | D3: =IF(AND(INDEX(Data_metier!$F:$F,MATCH(D$1,Data_metier!$B:$B,0))="Non significatif", INDEX(Data_metier!$F:$F,MATCH($A3,Data_metier!$B:$B,0))="Significatif"), DE_niv_form!D3+0.5, DE_niv_form!D3) -> 1 | E3: =IF(AND(INDEX(Data_metier!$F:$F,MATCH(E$1,Data_metier!$B:$B,0))="Non significatif", INDEX(Data_metier!$F:$F,MATCH($A3,Data_metier!$B:$B,0))="Significatif"), DE_niv_form!E3+0.5, DE_niv_form!E3) -> -1 | F3: =IF(AND(INDEX(Data_metier!$F:$F,MATCH(F$1,Data_metier!$B:$B,0))="Non significatif", INDEX(Data_metier!$F:$F,MATCH($A3,Data_metier!$B:$B,0))="Significatif"), DE_niv_form!F3+0.5, DE_niv_form!F3) -> -1 | G3: =IF(AND(INDEX(Data_metier!$F:$F,MATCH(G$1,Data_metier!$B:$B,0))="Non significatif", INDEX(Data_metier!$F:$F,MATCH($A3,Data_metier!$B:$B,0))="Significatif"), DE_niv_form!G3+0.5, DE_niv_form!G3) -> -1 | H3: =IF(AND(INDEX(Data_metier!$F:$F,MATCH(H$1,Data_metier!$B:$B,0))="Non significatif", INDEX(Data_metier!$F:$F,MATCH($A3,Data_metier!$B:$B,0))="Significatif"), DE_niv_form!H3+0.5, DE_niv_form!H3) -> -1 | I3: =IF(AND(INDEX(Data_metier!$F:$F,MATCH(I$1,Data_metier!$B:$B,0))="Non significatif", INDEX(Data_metier!$F:$F,MATCH($A3,Data_metier!$B:$B,0))="Significatif"), DE_niv_form!I3+0.5, DE_niv_form!I3) -> 1 | ... AD3: =IF(AND(INDEX(Data_metier!$F:$F,MATCH(AD$1,Data_metier!$B:$B,0))="Non significatif", INDEX(Data_metier!$F:$F,MATCH($A3,Data_metier!$B:$B,0))="Significatif"), DE_niv_form!AD3+0.5, DE_niv_form!AD3) -> -1
A4: Opérateur(trice) logistique | B4: =IF(AND(INDEX(Data_metier!$F:$F,MATCH(B$1,Data_metier!$B:$B,0))="Non significatif", INDEX(Data_metier!$F:$F,MATCH($A4,Data_metier!$B:$B,0))="Significatif"), DE_niv_form!B4+0.5, DE_niv_form!B4) -> -1 | C4: =IF(AND(INDEX(Data_metier!$F:$F,MATCH(C$1,Data_metier!$B:$B,0))="Non significatif", INDEX(Data_metier!$F:$F,MATCH($A4,Data_metier!$B:$B,0))="Significatif"), DE_niv_form!C4+0.5, DE_niv_form!C4) -> -1 | D4: =IF(AND(INDEX(Data_metier!$F:$F,MATCH(D$1,Data_metier!$B:$B,0))="Non significatif", INDEX(Data_metier!$F:$F,MATCH($A4,Data_metier!$B:$B,0))="Significatif"), DE_niv_form!D4+0.5, DE_niv_form!D4) -> 0 | E4: =IF(AND(INDEX(Data_metier!$F:$F,MATCH(E$1,Data_metier!$B:$B,0))="Non significatif", INDEX(Data_metier!$F:$F,MATCH($A4,Data_metier!$B:$B,0))="Significatif"), DE_niv_form!E4+0.5, DE_niv_form!E4) -> -1 | F4: =IF(AND(INDEX(Data_metier!$F:$F,MATCH(F$1,Data_metier!$B:$B,0))="Non significatif", INDEX(Data_metier!$F:$F,MATCH($A4,Data_metier!$B:$B,0))="Significatif"), DE_niv_form!F4+0.5, DE_niv_form!F4) -> -1 | G4: =IF(AND(INDEX(Data_metier!$F:$F,MATCH(G$1,Data_metier!$B:$B,0))="Non significatif", INDEX(Data_metier!$F:$F,MATCH($A4,Data_metier!$B:$B,0))="Significatif"), DE_niv_form!G4+0.5, DE_niv_form!G4) -> -1 | H4: =IF(AND(INDEX(Data_metier!$F:$F,MATCH(H$1,Data_metier!$B:$B,0))="Non significatif", INDEX(Data_metier!$F:$F,MATCH($A4,Data_metier!$B:$B,0))="Significatif"), DE_niv_form!H4+0.5, DE_niv_form!H4) -> -1 | I4: =IF(AND(INDEX(Data_metier!$F:$F,MATCH(I$1,Data_metier!$B:$B,0))="Non significatif", INDEX(Data_metier!$F:$F,MATCH($A4,Data_metier!$B:$B,0))="Significatif"), DE_niv_form!I4+0.5, DE_niv_form!I4) -> 0 | ... AD4: =IF(AND(INDEX(Data_metier!$F:$F,MATCH(AD$1,Data_metier!$B:$B,0))="Non significatif", INDEX(Data_metier!$F:$F,MATCH($A4,Data_metier!$B:$B,0))="Significatif"), DE_niv_form!AD4+0.5, DE_niv_form!AD4) -> -1
A5: Manager(euse) logistique | B5: =IF(AND(INDEX(Data_metier!$F:$F,MATCH(B$1,Data_metier!$B:$B,0))="Non significatif", INDEX(Data_metier!$F:$F,MATCH($A5,Data_metier!$B:$B,0))="Significatif"), DE_niv_form!B5+0.5, DE_niv_form!B5) -> 2.5 | C5: =IF(AND(INDEX(Data_metier!$F:$F,MATCH(C$1,Data_metier!$B:$B,0))="Non significatif", INDEX(Data_metier!$F:$F,MATCH($A5,Data_metier!$B:$B,0))="Significatif"), DE_niv_form!C5+0.5, DE_niv_form!C5) -> 2.5 | D5: =IF(AND(INDEX(Data_metier!$F:$F,MATCH(D$1,Data_metier!$B:$B,0))="Non significatif", INDEX(Data_metier!$F:$F,MATCH($A5,Data_metier!$B:$B,0))="Significatif"), DE_niv_form!D5+0.5, DE_niv_form!D5) -> 2.5 | E5: =IF(AND(INDEX(Data_metier!$F:$F,MATCH(E$1,Data_metier!$B:$B,0))="Non significatif", INDEX(Data_metier!$F:$F,MATCH($A5,Data_metier!$B:$B,0))="Significatif"), DE_niv_form!E5+0.5, DE_niv_form!E5) -> 0 | F5: =IF(AND(INDEX(Data_metier!$F:$F,MATCH(F$1,Data_metier!$B:$B,0))="Non significatif", INDEX(Data_metier!$F:$F,MATCH($A5,Data_metier!$B:$B,0))="Significatif"), DE_niv_form!F5+0.5, DE_niv_form!F5) -> -0.5 | G5: =IF(AND(INDEX(Data_metier!$F:$F,MATCH(G$1,Data_metier!$B:$B,0))="Non significatif", INDEX(Data_metier!$F:$F,MATCH($A5,Data_metier!$B:$B,0))="Significatif"), DE_niv_form!G5+0.5, DE_niv_form!G5) -> -1 | H5: =IF(AND(INDEX(Data_metier!$F:$F,MATCH(H$1,Data_metier!$B:$B,0))="Non significatif", INDEX(Data_metier!$F:$F,MATCH($A5,Data_metier!$B:$B,0))="Significatif"), DE_niv_form!H5+0.5, DE_niv_form!H5) -> -1 | I5: =IF(AND(INDEX(Data_metier!$F:$F,MATCH(I$1,Data_metier!$B:$B,0))="Non significatif", INDEX(Data_metier!$F:$F,MATCH($A5,Data_metier!$B:$B,0))="Significatif"), DE_niv_form!I5+0.5, DE_niv_form!I5) -> 2.5 | ... AD5: =IF(AND(INDEX(Data_metier!$F:$F,MATCH(AD$1,Data_metier!$B:$B,0))="Non significatif", INDEX(Data_metier!$F:$F,MATCH($A5,Data_metier!$B:$B,0))="Significatif"), DE_niv_form!AD5+0.5, DE_niv_form!AD5) -> 1.5
A6: Maître(sse) de chai | B6: =IF(AND(INDEX(Data_metier!$F:$F,MATCH(B$1,Data_metier!$B:$B,0))="Non significatif", INDEX(Data_metier!$F:$F,MATCH($A6,Data_metier!$B:$B,0))="Significatif"), DE_niv_form!B6+0.5, DE_niv_form!B6) -> 2 | C6: =IF(AND(INDEX(Data_metier!$F:$F,MATCH(C$1,Data_metier!$B:$B,0))="Non significatif", INDEX(Data_metier!$F:$F,MATCH($A6,Data_metier!$B:$B,0))="Significatif"), DE_niv_form!C6+0.5, DE_niv_form!C6) -> 2 | D6: =IF(AND(INDEX(Data_metier!$F:$F,MATCH(D$1,Data_metier!$B:$B,0))="Non significatif", INDEX(Data_metier!$F:$F,MATCH($A6,Data_metier!$B:$B,0))="Significatif"), DE_niv_form!D6+0.5, DE_niv_form!D6) -> 2 | E6: =IF(AND(INDEX(Data_metier!$F:$F,MATCH(E$1,Data_metier!$B:$B,0))="Non significatif", INDEX(Data_metier!$F:$F,MATCH($A6,Data_metier!$B:$B,0))="Significatif"), DE_niv_form!E6+0.5, DE_niv_form!E6) -> 1 | F6: =IF(AND(INDEX(Data_metier!$F:$F,MATCH(F$1,Data_metier!$B:$B,0))="Non significatif", INDEX(Data_metier!$F:$F,MATCH($A6,Data_metier!$B:$B,0))="Significatif"), DE_niv_form!F6+0.5, DE_niv_form!F6) -> 0 | G6: =IF(AND(INDEX(Data_metier!$F:$F,MATCH(G$1,Data_metier!$B:$B,0))="Non significatif", INDEX(Data_metier!$F:$F,MATCH($A6,Data_metier!$B:$B,0))="Significatif"), DE_niv_form!G6+0.5, DE_niv_form!G6) -> 0 | H6: =IF(AND(INDEX(Data_metier!$F:$F,MATCH(H$1,Data_metier!$B:$B,0))="Non significatif", INDEX(Data_metier!$F:$F,MATCH($A6,Data_metier!$B:$B,0))="Significatif"), DE_niv_form!H6+0.5, DE_niv_form!H6) -> 0 | I6: =IF(AND(INDEX(Data_metier!$F:$F,MATCH(I$1,Data_metier!$B:$B,0))="Non significatif", INDEX(Data_metier!$F:$F,MATCH($A6,Data_metier!$B:$B,0))="Significatif"), DE_niv_form!I6+0.5, DE_niv_form!I6) -> 2 | ... AD6: =IF(AND(INDEX(Data_metier!$F:$F,MATCH(AD$1,Data_metier!$B:$B,0))="Non significatif", INDEX(Data_metier!$F:$F,MATCH($A6,Data_metier!$B:$B,0))="Significatif"), DE_niv_form!AD6+0.5, DE_niv_form!AD6) -> 2
A7: Superviseur(se) de production (fabrication / conditionnement) | B7: =IF(AND(INDEX(Data_metier!$F:$F,MATCH(B$1,Data_metier!$B:$B,0))="Non significatif", INDEX(Data_metier!$F:$F,MATCH($A7,Data_metier!$B:$B,0))="Significatif"), DE_niv_form!B7+0.5, DE_niv_form!B7) -> 2.5 | C7: =IF(AND(INDEX(Data_metier!$F:$F,MATCH(C$1,Data_metier!$B:$B,0))="Non significatif", INDEX(Data_metier!$F:$F,MATCH($A7,Data_metier!$B:$B,0))="Significatif"), DE_niv_form!C7+0.5, DE_niv_form!C7) -> 2.5 | D7: =IF(AND(INDEX(Data_metier!$F:$F,MATCH(D$1,Data_metier!$B:$B,0))="Non significatif", INDEX(Data_metier!$F:$F,MATCH($A7,Data_metier!$B:$B,0))="Significatif"), DE_niv_form!D7+0.5, DE_niv_form!D7) -> 2.5 | E7: =IF(AND(INDEX(Data_metier!$F:$F,MATCH(E$1,Data_metier!$B:$B,0))="Non significatif", INDEX(Data_metier!$F:$F,MATCH($A7,Data_metier!$B:$B,0))="Significatif"), DE_niv_form!E7+0.5, DE_niv_form!E7) -> 1 | F7: =IF(AND(INDEX(Data_metier!$F:$F,MATCH(F$1,Data_metier!$B:$B,0))="Non significatif", INDEX(Data_metier!$F:$F,MATCH($A7,Data_metier!$B:$B,0))="Significatif"), DE_niv_form!F7+0.5, DE_niv_form!F7) -> 0.5 | G7: =IF(AND(INDEX(Data_metier!$F:$F,MATCH(G$1,Data_metier!$B:$B,0))="Non significatif", INDEX(Data_metier!$F:$F,MATCH($A7,Data_metier!$B:$B,0))="Significatif"), DE_niv_form!G7+0.5, DE_niv_form!G7) -> 0 | H7: =IF(AND(INDEX(Data_metier!$F:$F,MATCH(H$1,Data_metier!$B:$B,0))="Non significatif", INDEX(Data_metier!$F:$F,MATCH($A7,Data_metier!$B:$B,0))="Significatif"), DE_niv_form!H7+0.5, DE_niv_form!H7) -> 0 | I7: =IF(AND(INDEX(Data_metier!$F:$F,MATCH(I$1,Data_metier!$B:$B,0))="Non significatif", INDEX(Data_metier!$F:$F,MATCH($A7,Data_metier!$B:$B,0))="Significatif"), DE_niv_form!I7+0.5, DE_niv_form!I7) -> 2.5 | ... AD7: =IF(AND(INDEX(Data_metier!$F:$F,MATCH(AD$1,Data_metier!$B:$B,0))="Non significatif", INDEX(Data_metier!$F:$F,MATCH($A7,Data_metier!$B:$B,0))="Significatif"), DE_niv_form!AD7+0.5, DE_niv_form!AD7) -> 2.5
A8: Spécialiste planning / ordonnancement | B8: =IF(AND(INDEX(Data_metier!$F:$F,MATCH(B$1,Data_metier!$B:$B,0))="Non significatif", INDEX(Data_metier!$F:$F,MATCH($A8,Data_metier!$B:$B,0))="Significatif"), DE_niv_form!B8+0.5, DE_niv_form!B8) -> 2.5 | C8: =IF(AND(INDEX(Data_metier!$F:$F,MATCH(C$1,Data_metier!$B:$B,0))="Non significatif", INDEX(Data_metier!$F:$F,MATCH($A8,Data_metier!$B:$B,0))="Significatif"), DE_niv_form!C8+0.5, DE_niv_form!C8) -> 2.5 | D8: =IF(AND(INDEX(Data_metier!$F:$F,MATCH(D$1,Data_metier!$B:$B,0))="Non significatif", INDEX(Data_metier!$F:$F,MATCH($A8,Data_metier!$B:$B,0))="Significatif"), DE_niv_form!D8+0.5, DE_niv_form!D8) -> 2.5 | E8: =IF(AND(INDEX(Data_metier!$F:$F,MATCH(E$1,Data_metier!$B:$B,0))="Non significatif", INDEX(Data_metier!$F:$F,MATCH($A8,Data_metier!$B:$B,0))="Significatif"), DE_niv_form!E8+0.5, DE_niv_form!E8) -> 1 | F8: =IF(AND(INDEX(Data_metier!$F:$F,MATCH(F$1,Data_metier!$B:$B,0))="Non significatif", INDEX(Data_metier!$F:$F,MATCH($A8,Data_metier!$B:$B,0))="Significatif"), DE_niv_form!F8+0.5, DE_niv_form!F8) -> 0.5 | G8: =IF(AND(INDEX(Data_metier!$F:$F,MATCH(G$1,Data_metier!$B:$B,0))="Non significatif", INDEX(Data_metier!$F:$F,MATCH($A8,Data_metier!$B:$B,0))="Significatif"), DE_niv_form!G8+0.5, DE_niv_form!G8) -> 0 | H8: =IF(AND(INDEX(Data_metier!$F:$F,MATCH(H$1,Data_metier!$B:$B,0))="Non significatif", INDEX(Data_metier!$F:$F,MATCH($A8,Data_metier!$B:$B,0))="Significatif"), DE_niv_form!H8+0.5, DE_niv_form!H8) -> 0 | I8: =IF(AND(INDEX(Data_metier!$F:$F,MATCH(I$1,Data_metier!$B:$B,0))="Non significatif", INDEX(Data_metier!$F:$F,MATCH($A8,Data_metier!$B:$B,0))="Significatif"), DE_niv_form!I8+0.5, DE_niv_form!I8) -> 2.5 | ... AD8: =IF(AND(INDEX(Data_metier!$F:$F,MATCH(AD$1,Data_metier!$B:$B,0))="Non significatif", INDEX(Data_metier!$F:$F,MATCH($A8,Data_metier!$B:$B,0))="Significatif"), DE_niv_form!AD8+0.5, DE_niv_form!AD8) -> 2.5
A9: Opérateur(trice) logistique | B9: =IF(AND(INDEX(Data_metier!$F:$F,MATCH(B$1,Data_metier!$B:$B,0))="Non significatif", INDEX(Data_metier!$F:$F,MATCH($A9,Data_metier!$B:$B,0))="Significatif"), DE_niv_form!B9+0.5, DE_niv_form!B9) -> -1 | C9: =IF(AND(INDEX(Data_metier!$F:$F,MATCH(C$1,Data_metier!$B:$B,0))="Non significatif", INDEX(Data_metier!$F:$F,MATCH($A9,Data_metier!$B:$B,0))="Significatif"), DE_niv_form!C9+0.5, DE_niv_form!C9) -> -1 | D9: =IF(AND(INDEX(Data_metier!$F:$F,MATCH(D$1,Data_metier!$B:$B,0))="Non significatif", INDEX(Data_metier!$F:$F,MATCH($A9,Data_metier!$B:$B,0))="Significatif"), DE_niv_form!D9+0.5, DE_niv_form!D9) -> 0 | E9: =IF(AND(INDEX(Data_metier!$F:$F,MATCH(E$1,Data_metier!$B:$B,0))="Non significatif", INDEX(Data_metier!$F:$F,MATCH($A9,Data_metier!$B:$B,0))="Significatif"), DE_niv_form!E9+0.5, DE_niv_form!E9) -> -1 | F9: =IF(AND(INDEX(Data_metier!$F:$F,MATCH(F$1,Data_metier!$B:$B,0))="Non significatif", INDEX(Data_metier!$F:$F,MATCH($A9,Data_metier!$B:$B,0))="Significatif"), DE_niv_form!F9+0.5, DE_niv_form!F9) -> -1 | G9: =IF(AND(INDEX(Data_metier!$F:$F,MATCH(G$1,Data_metier!$B:$B,0))="Non significatif", INDEX(Data_metier!$F:$F,MATCH($A9,Data_metier!$B:$B,0))="Significatif"), DE_niv_form!G9+0.5, DE_niv_form!G9) -> -1 | H9: =IF(AND(INDEX(Data_metier!$F:$F,MATCH(H$1,Data_metier!$B:$B,0))="Non significatif", INDEX(Data_metier!$F:$F,MATCH($A9,Data_metier!$B:$B,0))="Significatif"), DE_niv_form!H9+0.5, DE_niv_form!H9) -> -1 | I9: =IF(AND(INDEX(Data_metier!$F:$F,MATCH(I$1,Data_metier!$B:$B,0))="Non significatif", INDEX(Data_metier!$F:$F,MATCH($A9,Data_metier!$B:$B,0))="Significatif"), DE_niv_form!I9+0.5, DE_niv_form!I9) -> 0 | ... AD9: =IF(AND(INDEX(Data_metier!$F:$F,MATCH(AD$1,Data_metier!$B:$B,0))="Non significatif", INDEX(Data_metier!$F:$F,MATCH($A9,Data_metier!$B:$B,0))="Significatif"), DE_niv_form!AD9+0.5, DE_niv_form!AD9) -> -1
A10: Logisticien(ne) approvisionneur(se) | B10: =IF(AND(INDEX(Data_metier!$F:$F,MATCH(B$1,Data_metier!$B:$B,0))="Non significatif", INDEX(Data_metier!$F:$F,MATCH($A10,Data_metier!$B:$B,0))="Significatif"), DE_niv_form!B10+0.5, DE_niv_form!B10) -> 2 | C10: =IF(AND(INDEX(Data_metier!$F:$F,MATCH(C$1,Data_metier!$B:$B,0))="Non significatif", INDEX(Data_metier!$F:$F,MATCH($A10,Data_metier!$B:$B,0))="Significatif"), DE_niv_form!C10+0.5, DE_niv_form!C10) -> 2 | D10: =IF(AND(INDEX(Data_metier!$F:$F,MATCH(D$1,Data_metier!$B:$B,0))="Non significatif", INDEX(Data_metier!$F:$F,MATCH($A10,Data_metier!$B:$B,0))="Significatif"), DE_niv_form!D10+0.5, DE_niv_form!D10) -> 2 | E10: =IF(AND(INDEX(Data_metier!$F:$F,MATCH(E$1,Data_metier!$B:$B,0))="Non significatif", INDEX(Data_metier!$F:$F,MATCH($A10,Data_metier!$B:$B,0))="Significatif"), DE_niv_form!E10+0.5, DE_niv_form!E10) -> 0 | F10: =IF(AND(INDEX(Data_metier!$F:$F,MATCH(F$1,Data_metier!$B:$B,0))="Non significatif", INDEX(Data_metier!$F:$F,MATCH($A10,Data_metier!$B:$B,0))="Significatif"), DE_niv_form!F10+0.5, DE_niv_form!F10) -> -1 | G10: =IF(AND(INDEX(Data_metier!$F:$F,MATCH(G$1,Data_metier!$B:$B,0))="Non significatif", INDEX(Data_metier!$F:$F,MATCH($A10,Data_metier!$B:$B,0))="Significatif"), DE_niv_form!G10+0.5, DE_niv_form!G10) -> -1 | H10: =IF(AND(INDEX(Data_metier!$F:$F,MATCH(H$1,Data_metier!$B:$B,0))="Non significatif", INDEX(Data_metier!$F:$F,MATCH($A10,Data_metier!$B:$B,0))="Significatif"), DE_niv_form!H10+0.5, DE_niv_form!H10) -> -1 | I10: =IF(AND(INDEX(Data_metier!$F:$F,MATCH(I$1,Data_metier!$B:$B,0))="Non significatif", INDEX(Data_metier!$F:$F,MATCH($A10,Data_metier!$B:$B,0))="Significatif"), DE_niv_form!I10+0.5, DE_niv_form!I10) -> 2 | ... AD10: =IF(AND(INDEX(Data_metier!$F:$F,MATCH(AD$1,Data_metier!$B:$B,0))="Non significatif", INDEX(Data_metier!$F:$F,MATCH($A10,Data_metier!$B:$B,0))="Significatif"), DE_niv_form!AD10+0.5, DE_niv_form!AD10) -> 1
A11: Responsable de production de produits alimentaires (fabrication / conditionnement) | B11: =IF(AND(INDEX(Data_metier!$F:$F,MATCH(B$1,Data_metier!$B:$B,0))="Non significatif", INDEX(Data_metier!$F:$F,MATCH($A11,Data_metier!$B:$B,0))="Significatif"), DE_niv_form!B11+0.5, DE_niv_form!B11) -> 2.5 | C11: =IF(AND(INDEX(Data_metier!$F:$F,MATCH(C$1,Data_metier!$B:$B,0))="Non significatif", INDEX(Data_metier!$F:$F,MATCH($A11,Data_metier!$B:$B,0))="Significatif"), DE_niv_form!C11+0.5, DE_niv_form!C11) -> 2.5 | D11: =IF(AND(INDEX(Data_metier!$F:$F,MATCH(D$1,Data_metier!$B:$B,0))="Non significatif", INDEX(Data_metier!$F:$F,MATCH($A11,Data_metier!$B:$B,0))="Significatif"), DE_niv_form!D11+0.5, DE_niv_form!D11) -> 2.5 | E11: =IF(AND(INDEX(Data_metier!$F:$F,MATCH(E$1,Data_metier!$B:$B,0))="Non significatif", INDEX(Data_metier!$F:$F,MATCH($A11,Data_metier!$B:$B,0))="Significatif"), DE_niv_form!E11+0.5, DE_niv_form!E11) -> 2 | F11: =IF(AND(INDEX(Data_metier!$F:$F,MATCH(F$1,Data_metier!$B:$B,0))="Non significatif", INDEX(Data_metier!$F:$F,MATCH($A11,Data_metier!$B:$B,0))="Significatif"), DE_niv_form!F11+0.5, DE_niv_form!F11) -> 1.5 | G11: =IF(AND(INDEX(Data_metier!$F:$F,MATCH(G$1,Data_metier!$B:$B,0))="Non significatif", INDEX(Data_metier!$F:$F,MATCH($A11,Data_metier!$B:$B,0))="Significatif"), DE_niv_form!G11+0.5, DE_niv_form!G11) -> 1 | H11: =IF(AND(INDEX(Data_metier!$F:$F,MATCH(H$1,Data_metier!$B:$B,0))="Non significatif", INDEX(Data_metier!$F:$F,MATCH($A11,Data_metier!$B:$B,0))="Significatif"), DE_niv_form!H11+0.5, DE_niv_form!H11) -> 1 | I11: =IF(AND(INDEX(Data_metier!$F:$F,MATCH(I$1,Data_metier!$B:$B,0))="Non significatif", INDEX(Data_metier!$F:$F,MATCH($A11,Data_metier!$B:$B,0))="Significatif"), DE_niv_form!I11+0.5, DE_niv_form!I11) -> 2.5 | ... AD11: =IF(AND(INDEX(Data_metier!$F:$F,MATCH(AD$1,Data_metier!$B:$B,0))="Non significatif", INDEX(Data_metier!$F:$F,MATCH($A11,Data_metier!$B:$B,0))="Significatif"), DE_niv_form!AD11+0.5, DE_niv_form!AD11) -> 2.5
A12: Chauffeur(se) livreur(se) | B12: =IF(AND(INDEX(Data_metier!$F:$F,MATCH(B$1,Data_metier!$B:$B,0))="Non significatif", INDEX(Data_metier!$F:$F,MATCH($A12,Data_metier!$B:$B,0))="Significatif"), DE_niv_form!B12+0.5, DE_niv_form!B12) -> -1 | C12: =IF(AND(INDEX(Data_metier!$F:$F,MATCH(C$1,Data_metier!$B:$B,0))="Non significatif", INDEX(Data_metier!$F:$F,MATCH($A12,Data_metier!$B:$B,0))="Significatif"), DE_niv_form!C12+0.5, DE_niv_form!C12) -> -1 | D12: =IF(AND(INDEX(Data_metier!$F:$F,MATCH(D$1,Data_metier!$B:$B,0))="Non significatif", INDEX(Data_metier!$F:$F,MATCH($A12,Data_metier!$B:$B,0))="Significatif"), DE_niv_form!D12+0.5, DE_niv_form!D12) -> 0 | E12: =IF(AND(INDEX(Data_metier!$F:$F,MATCH(E$1,Data_metier!$B:$B,0))="Non significatif", INDEX(Data_metier!$F:$F,MATCH($A12,Data_metier!$B:$B,0))="Significatif"), DE_niv_form!E12+0.5, DE_niv_form!E12) -> -1 | F12: =IF(AND(INDEX(Data_metier!$F:$F,MATCH(F$1,Data_metier!$B:$B,0))="Non significatif", INDEX(Data_metier!$F:$F,MATCH($A12,Data_metier!$B:$B,0))="Significatif"), DE_niv_form!F12+0.5, DE_niv_form!F12) -> -1 | G12: =IF(AND(INDEX(Data_metier!$F:$F,MATCH(G$1,Data_metier!$B:$B,0))="Non significatif", INDEX(Data_metier!$F:$F,MATCH($A12,Data_metier!$B:$B,0))="Significatif"), DE_niv_form!G12+0.5, DE_niv_form!G12) -> -1 | H12: =IF(AND(INDEX(Data_metier!$F:$F,MATCH(H$1,Data_metier!$B:$B,0))="Non significatif", INDEX(Data_metier!$F:$F,MATCH($A12,Data_metier!$B:$B,0))="Significatif"), DE_niv_form!H12+0.5, DE_niv_form!H12) -> -1 | I12: =IF(AND(INDEX(Data_metier!$F:$F,MATCH(I$1,Data_metier!$B:$B,0))="Non significatif", INDEX(Data_metier!$F:$F,MATCH($A12,Data_metier!$B:$B,0))="Significatif"), DE_niv_form!I12+0.5, DE_niv_form!I12) -> 0 | ... AD12: =IF(AND(INDEX(Data_metier!$F:$F,MATCH(AD$1,Data_metier!$B:$B,0))="Non significatif", INDEX(Data_metier!$F:$F,MATCH($A12,Data_metier!$B:$B,0))="Significatif"), DE_niv_form!AD12+0.5, DE_niv_form!AD12) -> -1
A13: Régleur(se) | B13: =IF(AND(INDEX(Data_metier!$F:$F,MATCH(B$1,Data_metier!$B:$B,0))="Non significatif", INDEX(Data_metier!$F:$F,MATCH($A13,Data_metier!$B:$B,0))="Significatif"), DE_niv_form!B13+0.5, DE_niv_form!B13) -> 0 | C13: =IF(AND(INDEX(Data_metier!$F:$F,MATCH(C$1,Data_metier!$B:$B,0))="Non significatif", INDEX(Data_metier!$F:$F,MATCH($A13,Data_metier!$B:$B,0))="Significatif"), DE_niv_form!C13+0.5, DE_niv_form!C13) -> 0 | D13: =IF(AND(INDEX(Data_metier!$F:$F,MATCH(D$1,Data_metier!$B:$B,0))="Non significatif", INDEX(Data_metier!$F:$F,MATCH($A13,Data_metier!$B:$B,0))="Significatif"), DE_niv_form!D13+0.5, DE_niv_form!D13) -> 1 | E13: =IF(AND(INDEX(Data_metier!$F:$F,MATCH(E$1,Data_metier!$B:$B,0))="Non significatif", INDEX(Data_metier!$F:$F,MATCH($A13,Data_metier!$B:$B,0))="Significatif"), DE_niv_form!E13+0.5, DE_niv_form!E13) -> -1 | F13: =IF(AND(INDEX(Data_metier!$F:$F,MATCH(F$1,Data_metier!$B:$B,0))="Non significatif", INDEX(Data_metier!$F:$F,MATCH($A13,Data_metier!$B:$B,0))="Significatif"), DE_niv_form!F13+0.5, DE_niv_form!F13) -> -1 | G13: =IF(AND(INDEX(Data_metier!$F:$F,MATCH(G$1,Data_metier!$B:$B,0))="Non significatif", INDEX(Data_metier!$F:$F,MATCH($A13,Data_metier!$B:$B,0))="Significatif"), DE_niv_form!G13+0.5, DE_niv_form!G13) -> -1 | H13: =IF(AND(INDEX(Data_metier!$F:$F,MATCH(H$1,Data_metier!$B:$B,0))="Non significatif", INDEX(Data_metier!$F:$F,MATCH($A13,Data_metier!$B:$B,0))="Significatif"), DE_niv_form!H13+0.5, DE_niv_form!H13) -> -1 | I13: =IF(AND(INDEX(Data_metier!$F:$F,MATCH(I$1,Data_metier!$B:$B,0))="Non significatif", INDEX(Data_metier!$F:$F,MATCH($A13,Data_metier!$B:$B,0))="Significatif"), DE_niv_form!I13+0.5, DE_niv_form!I13) -> 1 | ... AD13: =IF(AND(INDEX(Data_metier!$F:$F,MATCH(AD$1,Data_metier!$B:$B,0))="Non significatif", INDEX(Data_metier!$F:$F,MATCH($A13,Data_metier!$B:$B,0))="Significatif"), DE_niv_form!AD13+0.5, DE_niv_form!AD13) -> -1
A14: Spécialiste procédés et installations de production alimentaire | B14: =IF(AND(INDEX(Data_metier!$F:$F,MATCH(B$1,Data_metier!$B:$B,0))="Non significatif", INDEX(Data_metier!$F:$F,MATCH($A14,Data_metier!$B:$B,0))="Significatif"), DE_niv_form!B14+0.5, DE_niv_form!B14) -> 1.5 | C14: =IF(AND(INDEX(Data_metier!$F:$F,MATCH(C$1,Data_metier!$B:$B,0))="Non significatif", INDEX(Data_metier!$F:$F,MATCH($A14,Data_metier!$B:$B,0))="Significatif"), DE_niv_form!C14+0.5, DE_niv_form!C14) -> 1.5 | D14: =IF(AND(INDEX(Data_metier!$F:$F,MATCH(D$1,Data_metier!$B:$B,0))="Non significatif", INDEX(Data_metier!$F:$F,MATCH($A14,Data_metier!$B:$B,0))="Significatif"), DE_niv_form!D14+0.5, DE_niv_form!D14) -> 2.5 | E14: =IF(AND(INDEX(Data_metier!$F:$F,MATCH(E$1,Data_metier!$B:$B,0))="Non significatif", INDEX(Data_metier!$F:$F,MATCH($A14,Data_metier!$B:$B,0))="Significatif"), DE_niv_form!E14+0.5, DE_niv_form!E14) -> -1 | F14: =IF(AND(INDEX(Data_metier!$F:$F,MATCH(F$1,Data_metier!$B:$B,0))="Non significatif", INDEX(Data_metier!$F:$F,MATCH($A14,Data_metier!$B:$B,0))="Significatif"), DE_niv_form!F14+0.5, DE_niv_form!F14) -> -0.5 | G14: =IF(AND(INDEX(Data_metier!$F:$F,MATCH(G$1,Data_metier!$B:$B,0))="Non significatif", INDEX(Data_metier!$F:$F,MATCH($A14,Data_metier!$B:$B,0))="Significatif"), DE_niv_form!G14+0.5, DE_niv_form!G14) -> -1 | H14: =IF(AND(INDEX(Data_metier!$F:$F,MATCH(H$1,Data_metier!$B:$B,0))="Non significatif", INDEX(Data_metier!$F:$F,MATCH($A14,Data_metier!$B:$B,0))="Significatif"), DE_niv_form!H14+0.5, DE_niv_form!H14) -> -1 | I14: =IF(AND(INDEX(Data_metier!$F:$F,MATCH(I$1,Data_metier!$B:$B,0))="Non significatif", INDEX(Data_metier!$F:$F,MATCH($A14,Data_metier!$B:$B,0))="Significatif"), DE_niv_form!I14+0.5, DE_niv_form!I14) -> 2.5 | ... AD14: =IF(AND(INDEX(Data_metier!$F:$F,MATCH(AD$1,Data_metier!$B:$B,0))="Non significatif", INDEX(Data_metier!$F:$F,MATCH($A14,Data_metier!$B:$B,0))="Significatif"), DE_niv_form!AD14+0.5, DE_niv_form!AD14) -> 1.5
... A30: Electromécanicien(ne) de maintenance industrielle | B30: =IF(AND(INDEX(Data_metier!$F:$F,MATCH(B$1,Data_metier!$B:$B,0))="Non significatif", INDEX(Data_metier!$F:$F,MATCH($A30,Data_metier!$B:$B,0))="Significatif"), DE_niv_form!B30+0.5, DE_niv_form!B30) -> 1 | C30: =IF(AND(INDEX(Data_metier!$F:$F,MATCH(C$1,Data_metier!$B:$B,0))="Non significatif", INDEX(Data_metier!$F:$F,MATCH($A30,Data_metier!$B:$B,0))="Significatif"), DE_niv_form!C30+0.5, DE_niv_form!C30) -> 1 | D30: =IF(AND(INDEX(Data_metier!$F:$F,MATCH(D$1,Data_metier!$B:$B,0))="Non significatif", INDEX(Data_metier!$F:$F,MATCH($A30,Data_metier!$B:$B,0))="Significatif"), DE_niv_form!D30+0.5, DE_niv_form!D30) -> 2 | E30: =IF(AND(INDEX(Data_metier!$F:$F,MATCH(E$1,Data_metier!$B:$B,0))="Non significatif", INDEX(Data_metier!$F:$F,MATCH($A30,Data_metier!$B:$B,0))="Significatif"), DE_niv_form!E30+0.5, DE_niv_form!E30) -> -1 | F30: =IF(AND(INDEX(Data_metier!$F:$F,MATCH(F$1,Data_metier!$B:$B,0))="Non significatif", INDEX(Data_metier!$F:$F,MATCH($A30,Data_metier!$B:$B,0))="Significatif"), DE_niv_form!F30+0.5, DE_niv_form!F30) -> -1 | G30: =IF(AND(INDEX(Data_metier!$F:$F,MATCH(G$1,Data_metier!$B:$B,0))="Non significatif", INDEX(Data_metier!$F:$F,MATCH($A30,Data_metier!$B:$B,0))="Significatif"), DE_niv_form!G30+0.5, DE_niv_form!G30) -> -1 | H30: =IF(AND(INDEX(Data_metier!$F:$F,MATCH(H$1,Data_metier!$B:$B,0))="Non significatif", INDEX(Data_metier!$F:$F,MATCH($A30,Data_metier!$B:$B,0))="Significatif"), DE_niv_form!H30+0.5, DE_niv_form!H30) -> -1 | I30: =IF(AND(INDEX(Data_metier!$F:$F,MATCH(I$1,Data_metier!$B:$B,0))="Non significatif", INDEX(Data_metier!$F:$F,MATCH($A30,Data_metier!$B:$B,0))="Significatif"), DE_niv_form!I30+0.5, DE_niv_form!I30) -> 2 | ... AD30: =IF(AND(INDEX(Data_metier!$F:$F,MATCH(AD$1,Data_metier!$B:$B,0))="Non significatif", INDEX(Data_metier!$F:$F,MATCH($A30,Data_metier!$B:$B,0))="Significatif"), DE_niv_form!AD30+0.5, DE_niv_form!AD30) -> 0

Sheet DE_ress_transv
B1: {=TRANSPOSE(Tableau1[INT_METIER])} -> Caviste | C1: Agent de silo | D1: Opérateur(trice) logistique | E1: Manager(euse) logistique | F1: Maître(sse) de chai | G1: Superviseur(se) de production (fabrication / conditionnement) | H1: Spécialiste planning / ordonnancement | I1: Opérateur(trice) logistique | J1: Logisticien(ne) approvisionneur(se) | K1: Responsable de production de produits alimentaires (fabrication / conditionnement) | L1: Chauffeur(se) livreur(se) | M1: Régleur(se) | N1: Spécialiste procédés et installations de production alimentaire | O1: Conducteur(trice) de livraison et de collecte | P1: Opérateur(trice) hygiène / sanitation | Q1: Chef(fe) de silo | R1: Acheteur(se) / négociateur(trice) de matières premières | S1: Opérateur(trice) de production alimentaire | T1: Conducteur(trice) de machine(s) de production alimentaire (fabrication / conditionnement) | U1: Boulanger(ère)/pâtissier(ère) industriel(le) | V1: Conducteur(trice) de ligne(s)de production alimentaire (fabrication/conditionnement) | W1: Conducteur(trice) de process de production alimentaire | X1: Responsable de plateforme/ d’exploitation logistique | Y1: Opérateur(trice) de transformation des viandes | Z1: Fromager(ère) industriel(le) | AA1: Opérateur(trice) de préparation de poissons et de produits de la mer | AB1: Mécanicien(ne) de maintenance industrielle | AC1: Mécanicien(ne)-sertisseur(euse) | AD1: Electromécanicien(ne) de maintenance industrielle
A2: {=Tableau1[INT_METIER]} -> Caviste | B2: =IF(DE_respon_transv!B2=-1,-1, DE_respon_transv!B2+IF((MATCH(INDEX(Data_metier!$C:$C,MATCH($A2,Data_metier!$B:$B,0)),{"Non Concerné";"Niveau 1";"Niveau 2";"Niveau 3";"Niveau 4"},0)-1)>(MATCH(INDEX(Data_metier!$C:$C,MATCH(B$1,Data_metier!$B:$B,0)),{"Non Concerné";"Niveau 1";"Niveau 2";"Niveau 3";"Niveau 4"},0)-1), 1/6,0)+IF((MATCH(INDEX(Data_metier!$D:$D,MATCH($A2,Data_metier!$B:$B,0)),{"Non Concerné";"Niveau 1";"Niveau 2";"Niveau 3";"Niveau 4"},0)-1)>(MATCH(INDEX(Data_metier!$D:$D,MATCH(B$1,Data_metier!$B:$B,0)),{"Non Concerné";"Niveau 1";"Niveau 2";"Niveau 3";"Niveau 4"},0)-1), 1/6,0)+IF((MATCH(INDEX(Data_metier!$E:$E,MATCH($A2,Data_metier!$B:$B,0)),{"Non Concerné";"Niveau 1";"Niveau 2";"Niveau 3";"Niveau 4"},0)-1)>(MATCH(INDEX(Data_metier!$E:$E,MATCH(B$1,Data_metier!$B:$B,0)),{"Non Concerné";"Niveau 1";"Niveau 2";"Niveau 3";"Niveau 4"},0)-1), 1/6,0)) -> 0 | C2: =IF(DE_respon_transv!C2=-1,-1, DE_respon_transv!C2+IF((MATCH(INDEX(Data_metier!$C:$C,MATCH($A2,Data_metier!$B:$B,0)),{"Non Concerné";"Niveau 1";"Niveau 2";"Niveau 3";"Niveau 4"},0)-1)>(MATCH(INDEX(Data_metier!$C:$C,MATCH(C$1,Data_metier!$B:$B,0)),{"Non Concerné";"Niveau 1";"Niveau 2";"Niveau 3";"Niveau 4"},0)-1), 1/6,0)+IF((MATCH(INDEX(Data_metier!$D:$D,MATCH($A2,Data_metier!$B:$B,0)),{"Non Concerné";"Niveau 1";"Niveau 2";"Niveau 3";"Niveau 4"},0)-1)>(MATCH(INDEX(Data_metier!$D:$D,MATCH(C$1,Data_metier!$B:$B,0)),{"Non Concerné";"Niveau 1";"Niveau 2";"Niveau 3";"Niveau 4"},0)-1), 1/6,0)+IF((MATCH(INDEX(Data_metier!$E:$E,MATCH($A2,Data_metier!$B:$B,0)),{"Non Concerné";"Niveau 1";"Niveau 2";"Niveau 3";"Niveau 4"},0)-1)>(MATCH(INDEX(Data_metier!$E:$E,MATCH(C$1,Data_metier!$B:$B,0)),{"Non Concerné";"Niveau 1";"Niveau 2";"Niveau 3";"Niveau 4"},0)-1), 1/6,0)) -> 0 | D2: =IF(DE_respon_transv!D2=-1,-1, DE_respon_transv!D2+IF((MATCH(INDEX(Data_metier!$C:$C,MATCH($A2,Data_metier!$B:$B,0)),{"Non Concerné";"Niveau 1";"Niveau 2";"Niveau 3";"Niveau 4"},0)-1)>(MATCH(INDEX(Data_metier!$C:$C,MATCH(D$1,Data_metier!$B:$B,0)),{"Non Concerné";"Niveau 1";"Niveau 2";"Niveau 3";"Niveau 4"},0)-1), 1/6,0)+IF((MATCH(INDEX(Data_metier!$D:$D,MATCH($A2,Data_metier!$B:$B,0)),{"Non Concerné";"Niveau 1";"Niveau 2";"Niveau 3";"Niveau 4"},0)-1)>(MATCH(INDEX(Data_metier!$D:$D,MATCH(D$1,Data_metier!$B:$B,0)),{"Non Concerné";"Niveau 1";"Niveau 2";"Niveau 3";"Niveau 4"},0)-1), 1/6,0)+IF((MATCH(INDEX(Data_metier!$E:$E,MATCH($A2,Data_metier!$B:$B,0)),{"Non Concerné";"Niveau 1";"Niveau 2";"Niveau 3";"Niveau 4"},0)-1)>(MATCH(INDEX(Data_metier!$E:$E,MATCH(D$1,Data_metier!$B:$B,0)),{"Non Concerné";"Niveau 1";"Niveau 2";"Niveau 3";"Niveau 4"},0)-1), 1/6,0)) -> 1 | E2: =IF(DE_respon_transv!E2=-1,-1, DE_respon_transv!E2+IF((MATCH(INDEX(Data_metier!$C:$C,MATCH($A2,Data_metier!$B:$B,0)),{"Non Concerné";"Niveau 1";"Niveau 2";"Niveau 3";"Niveau 4"},0)-1)>(MATCH(INDEX(Data_metier!$C:$C,MATCH(E$1,Data_metier!$B:$B,0)),{"Non Concerné";"Niveau 1";"Niveau 2";"Niveau 3";"Niveau 4"},0)-1), 1/6,0)+IF((MATCH(INDEX(Data_metier!$D:$D,MATCH($A2,Data_metier!$B:$B,0)),{"Non Concerné";"Niveau 1";"Niveau 2";"Niveau 3";"Niveau 4"},0)-1)>(MATCH(INDEX(Data_metier!$D:$D,MATCH(E$1,Data_metier!$B:$B,0)),{"Non Concerné";"Niveau 1";"Niveau 2";"Niveau 3";"Niveau 4"},0)-1), 1/6,0)+IF((MATCH(INDEX(Data_metier!$E:$E,MATCH($A2,Data_metier!$B:$B,0)),{"Non Concerné";"Niveau 1";"Niveau 2";"Niveau 3";"Niveau 4"},0)-1)>(MATCH(INDEX(Data_metier!$E:$E,MATCH(E$1,Data_metier!$B:$B,0)),{"Non Concerné";"Niveau 1";"Niveau 2";"Niveau 3";"Niveau 4"},0)-1), 1/6,0)) -> -1 | F2: =IF(DE_respon_transv!F2=-1,-1, DE_respon_transv!F2+IF((MATCH(INDEX(Data_metier!$C:$C,MATCH($A2,Data_metier!$B:$B,0)),{"Non Concerné";"Niveau 1";"Niveau 2";"Niveau 3";"Niveau 4"},0)-1)>(MATCH(INDEX(Data_metier!$C:$C,MATCH(F$1,Data_metier!$B:$B,0)),{"Non Concerné";"Niveau 1";"Niveau 2";"Niveau 3";"Niveau 4"},0)-1), 1/6,0)+IF((MATCH(INDEX(Data_metier!$D:$D,MATCH($A2,Data_metier!$B:$B,0)),{"Non Concerné";"Niveau 1";"Niveau 2";"Niveau 3";"Niveau 4"},0)-1)>(MATCH(INDEX(Data_metier!$D:$D,MATCH(F$1,Data_metier!$B:$B,0)),{"Non Concerné";"Niveau 1";"Niveau 2";"Niveau 3";"Niveau 4"},0)-1), 1/6,0)+IF((MATCH(INDEX(Data_metier!$E:$E,MATCH($A2,Data_metier!$B:$B,0)),{"Non Concerné";"Niveau 1";"Niveau 2";"Niveau 3";"Niveau 4"},0)-1)>(MATCH(INDEX(Data_metier!$E:$E,MATCH(F$1,Data_metier!$B:$B,0)),{"Non Concerné";"Niveau 1";"Niveau 2";"Niveau 3";"Niveau 4"},0)-1), 1/6,0)) -> -1 | G2: =IF(DE_respon_transv!G2=-1,-1, DE_respon_transv!G2+IF((MATCH(INDEX(Data_metier!$C:$C,MATCH($A2,Data_metier!$B:$B,0)),{"Non Concerné";"Niveau 1";"Niveau 2";"Niveau 3";"Niveau 4"},0)-1)>(MATCH(INDEX(Data_metier!$C:$C,MATCH(G$1,Data_metier!$B:$B,0)),{"Non Concerné";"Niveau 1";"Niveau 2";"Niveau 3";"Niveau 4"},0)-1), 1/6,0)+IF((MATCH(INDEX(Data_metier!$D:$D,MATCH($A2,Data_metier!$B:$B,0)),{"Non Concerné";"Niveau 1";"Niveau 2";"Niveau 3";"Niveau 4"},0)-1)>(MATCH(INDEX(Data_metier!$D:$D,MATCH(G$1,Data_metier!$B:$B,0)),{"Non Concerné";"Niveau 1";"Niveau 2";"Niveau 3";"Niveau 4"},0)-1), 1/6,0)+IF((MATCH(INDEX(Data_metier!$E:$E,MATCH($A2,Data_metier!$B:$B,0)),{"Non Concerné";"Niveau 1";"Niveau 2";"Niveau 3";"Niveau 4"},0)-1)>(MATCH(INDEX(Data_metier!$E:$E,MATCH(G$1,Data_metier!$B:$B,0)),{"Non Concerné";"Niveau 1";"Niveau 2";"Niveau 3";"Niveau 4"},0)-1), 1/6,0)) -> -1 | H2: =IF(DE_respon_transv!H2=-1,-1, DE_respon_transv!H2+IF((MATCH(INDEX(Data_metier!$C:$C,MATCH($A2,Data_metier!$B:$B,0)),{"Non Concerné";"Niveau 1";"Niveau 2";"Niveau 3";"Niveau 4"},0)-1)>(MATCH(INDEX(Data_metier!$C:$C,MATCH(H$1,Data_metier!$B:$B,0)),{"Non Concerné";"Niveau 1";"Niveau 2";"Niveau 3";"Niveau 4"},0)-1), 1/6,0)+IF((MATCH(INDEX(Data_metier!$D:$D,MATCH($A2,Data_metier!$B:$B,0)),{"Non Concerné";"Niveau 1";"Niveau 2";"Niveau 3";"Niveau 4"},0)-1)>(MATCH(INDEX(Data_metier!$D:$D,MATCH(H$1,Data_metier!$B:$B,0)),{"Non Concerné";"Niveau 1";"Niveau 2";"Niveau 3";"Niveau 4"},0)-1), 1/6,0)+IF((MATCH(INDEX(Data_metier!$E:$E,MATCH($A2,Data_metier!$B:$B,0)),{"Non Concerné";"Niveau 1";"Niveau 2";"Niveau 3";"Niveau 4"},0)-1)>(MATCH(INDEX(Data_metier!$E:$E,MATCH(H$1,Data_metier!$B:$B,0)),{"Non Concerné";"Niveau 1";"Niveau 2";"Niveau 3";"Niveau 4"},0)-1), 1/6,0)) -> -1 | I2: =IF(DE_respon_transv!I2=-1,-1, DE_respon_transv!I2+IF((MATCH(INDEX(Data_metier!$C:$C,MATCH($A2,Data_metier!$B:$B,0)),{"Non Concerné";"Niveau 1";"Niveau 2";"Niveau 3";"Niveau 4"},0)-1)>(MATCH(INDEX(Data_metier!$C:$C,MATCH(I$1,Data_metier!$B:$B,0)),{"Non Concerné";"Niveau 1";"Niveau 2";"Niveau 3";"Niveau 4"},0)-1), 1/6,0)+IF((MATCH(INDEX(Data_metier!$D:$D,MATCH($A2,Data_metier!$B:$B,0)),{"Non Concerné";"Niveau 1";"Niveau 2";"Niveau 3";"Niveau 4"},0)-1)>(MATCH(INDEX(Data_metier!$D:$D,MATCH(I$1,Data_metier!$B:$B,0)),{"Non Concerné";"Niveau 1";"Niveau 2";"Niveau 3";"Niveau 4"},0)-1), 1/6,0)+IF((MATCH(INDEX(Data_metier!$E:$E,MATCH($A2,Data_metier!$B:$B,0)),{"Non Concerné";"Niveau 1";"Niveau 2";"Niveau 3";"Niveau 4"},0)-1)>(MATCH(INDEX(Data_metier!$E:$E,MATCH(I$1,Data_metier!$B:$B,0)),{"Non Concerné";"Niveau 1";"Niveau 2";"Niveau 3";"Niveau 4"},0)-1), 1/6,0)) -> 1 | ... AD2: =IF(DE_respon_transv!AD2=-1,-1, DE_respon_transv!AD2+IF((MATCH(INDEX(Data_metier!$C:$C,MATCH($A2,Data_metier!$B:$B,0)),{"Non Concerné";"Niveau 1";"Niveau 2";"Niveau 3";"Niveau 4"},0)-1)>(MATCH(INDEX(Data_metier!$C:$C,MATCH(AD$1,Data_metier!$B:$B,0)),{"Non Concerné";"Niveau 1";"Niveau 2";"Niveau 3";"Niveau 4"},0)-1), 1/6,0)+IF((MATCH(INDEX(Data_metier!$D:$D,MATCH($A2,Data_metier!$B:$B,0)),{"Non Concerné";"Niveau 1";"Niveau 2";"Niveau 3";"Niveau 4"},0)-1)>(MATCH(INDEX(Data_metier!$D:$D,MATCH(AD$1,Data_metier!$B:$B,0)),{"Non Concerné";"Niveau 1";"Niveau 2";"Niveau 3";"Niveau 4"},0)-1), 1/6,0)+IF((MATCH(INDEX(Data_metier!$E:$E,MATCH($A2,Data_metier!$B:$B,0)),{"Non Concerné";"Niveau 1";"Niveau 2";"Niveau 3";"Niveau 4"},0)-1)>(MATCH(INDEX(Data_metier!$E:$E,MATCH(AD$1,Data_metier!$B:$B,0)),{"Non Concerné";"Niveau 1";"Niveau 2";"Niveau 3";"Niveau 4"},0)-1), 1/6,0)) -> -1
A3: Agent de silo | B3: =IF(DE_respon_transv!B3=-1,-1, DE_respon_transv!B3+IF((MATCH(INDEX(Data_metier!$C:$C,MATCH($A3,Data_metier!$B:$B,0)),{"Non Concerné";"Niveau 1";"Niveau 2";"Niveau 3";"Niveau 4"},0)-1)>(MATCH(INDEX(Data_metier!$C:$C,MATCH(B$1,Data_metier!$B:$B,0)),{"Non Concerné";"Niveau 1";"Niveau 2";"Niveau 3";"Niveau 4"},0)-1), 1/6,0)+IF((MATCH(INDEX(Data_metier!$D:$D,MATCH($A3,Data_metier!$B:$B,0)),{"Non Concerné";"Niveau 1";"Niveau 2";"Niveau 3";"Niveau 4"},0)-1)>(MATCH(INDEX(Data_metier!$D:$D,MATCH(B$1,Data_metier!$B:$B,0)),{"Non Concerné";"Niveau 1";"Niveau 2";"Niveau 3";"Niveau 4"},0)-1), 1/6,0)+IF((MATCH(INDEX(Data_metier!$E:$E,MATCH($A3,Data_metier!$B:$B,0)),{"Non Concerné";"Niveau 1";"Niveau 2";"Niveau 3";"Niveau 4"},0)-1)>(MATCH(INDEX(Data_metier!$E:$E,MATCH(B$1,Data_metier!$B:$B,0)),{"Non Concerné";"Niveau 1";"Niveau 2";"Niveau 3";"Niveau 4"},0)-1), 1/6,0)) -> 0.33333333 | C3: =IF(DE_respon_transv!C3=-1,-1, DE_respon_transv!C3+IF((MATCH(INDEX(Data_metier!$C:$C,MATCH($A3,Data_metier!$B:$B,0)),{"Non Concerné";"Niveau 1";"Niveau 2";"Niveau 3";"Niveau 4"},0)-1)>(MATCH(INDEX(Data_metier!$C:$C,MATCH(C$1,Data_metier!$B:$B,0)),{"Non Concerné";"Niveau 1";"Niveau 2";"Niveau 3";"Niveau 4"},0)-1), 1/6,0)+IF((MATCH(INDEX(Data_metier!$D:$D,MATCH($A3,Data_metier!$B:$B,0)),{"Non Concerné";"Niveau 1";"Niveau 2";"Niveau 3";"Niveau 4"},0)-1)>(MATCH(INDEX(Data_metier!$D:$D,MATCH(C$1,Data_metier!$B:$B,0)),{"Non Concerné";"Niveau 1";"Niveau 2";"Niveau 3";"Niveau 4"},0)-1), 1/6,0)+IF((MATCH(INDEX(Data_metier!$E:$E,MATCH($A3,Data_metier!$B:$B,0)),{"Non Concerné";"Niveau 1";"Niveau 2";"Niveau 3";"Niveau 4"},0)-1)>(MATCH(INDEX(Data_metier!$E:$E,MATCH(C$1,Data_metier!$B:$B,0)),{"Non Concerné";"Niveau 1";"Niveau 2";"Niveau 3";"Niveau 4"},0)-1), 1/6,0)) -> 0 | D3: =IF(DE_respon_transv!D3=-1,-1, DE_respon_transv!D3+IF((MATCH(INDEX(Data_metier!$C:$C,MATCH($A3,Data_metier!$B:$B,0)),{"Non Concerné";"Niveau 1";"Niveau 2";"Niveau 3";"Niveau 4"},0)-1)>(MATCH(INDEX(Data_metier!$C:$C,MATCH(D$1,Data_metier!$B:$B,0)),{"Non Concerné";"Niveau 1";"Niveau 2";"Niveau 3";"Niveau 4"},0)-1), 1/6,0)+IF((MATCH(INDEX(Data_metier!$D:$D,MATCH($A3,Data_metier!$B:$B,0)),{"Non Concerné";"Niveau 1";"Niveau 2";"Niveau 3";"Niveau 4"},0)-1)>(MATCH(INDEX(Data_metier!$D:$D,MATCH(D$1,Data_metier!$B:$B,0)),{"Non Concerné";"Niveau 1";"Niveau 2";"Niveau 3";"Niveau 4"},0)-1), 1/6,0)+IF((MATCH(INDEX(Data_metier!$E:$E,MATCH($A3,Data_metier!$B:$B,0)),{"Non Concerné";"Niveau 1";"Niveau 2";"Niveau 3";"Niveau 4"},0)-1)>(MATCH(INDEX(Data_metier!$E:$E,MATCH(D$1,Data_metier!$B:$B,0)),{"Non Concerné";"Niveau 1";"Niveau 2";"Niveau 3";"Niveau 4"},0)-1), 1/6,0)) -> 1.3333333 | E3: =IF(DE_respon_transv!E3=-1,-1, DE_respon_transv!E3+IF((MATCH(INDEX(Data_metier!$C:$C,MATCH($A3,Data_metier!$B:$B,0)),{"Non Concerné";"Niveau 1";"Niveau 2";"Niveau 3";"Niveau 4"},0)-1)>(MATCH(INDEX(Data_metier!$C:$C,MATCH(E$1,Data_metier!$B:$B,0)),{"Non Concerné";"Niveau 1";"Niveau 2";"Niveau 3";"Niveau 4"},0)-1), 1/6,0)+IF((MATCH(INDEX(Data_metier!$D:$D,MATCH($A3,Data_metier!$B:$B,0)),{"Non Concerné";"Niveau 1";"Niveau 2";"Niveau 3";"Niveau 4"},0)-1)>(MATCH(INDEX(Data_metier!$D:$D,MATCH(E$1,Data_metier!$B:$B,0)),{"Non Concerné";"Niveau 1";"Niveau 2";"Niveau 3";"Niveau 4"},0)-1), 1/6,0)+IF((MATCH(INDEX(Data_metier!$E:$E,MATCH($A3,Data_metier!$B:$B,0)),{"Non Concerné";"Niveau 1";"Niveau 2";"Niveau 3";"Niveau 4"},0)-1)>(MATCH(INDEX(Data_metier!$E:$E,MATCH(E$1,Data_metier!$B:$B,0)),{"Non Concerné";"Niveau 1";"Niveau 2";"Niveau 3";"Niveau 4"},0)-1), 1/6,0)) -> -1 | F3: =IF(DE_respon_transv!F3=-1,-1, DE_respon_transv!F3+IF((MATCH(INDEX(Data_metier!$C:$C,MATCH($A3,Data_metier!$B:$B,0)),{"Non Concerné";"Niveau 1";"Niveau 2";"Niveau 3";"Niveau 4"},0)-1)>(MATCH(INDEX(Data_metier!$C:$C,MATCH(F$1,Data_metier!$B:$B,0)),{"Non Concerné";"Niveau 1";"Niveau 2";"Niveau 3";"Niveau 4"},0)-1), 1/6,0)+IF((MATCH(INDEX(Data_metier!$D:$D,MATCH($A3,Data_metier!$B:$B,0)),{"Non Concerné";"Niveau 1";"Niveau 2";"Niveau 3";"Niveau 4"},0)-1)>(MATCH(INDEX(Data_metier!$D:$D,MATCH(F$1,Data_metier!$B:$B,0)),{"Non Concerné";"Niveau 1";"Niveau 2";"Niveau 3";"Niveau 4"},0)-1), 1/6,0)+IF((MATCH(INDEX(Data_metier!$E:$E,MATCH($A3,Data_metier!$B:$B,0)),{"Non Concerné";"Niveau 1";"Niveau 2";"Niveau 3";"Niveau 4"},0)-1)>(MATCH(INDEX(Data_metier!$E:$E,MATCH(F$1,Data_metier!$B:$B,0)),{"Non Concerné";"Niveau 1";"Niveau 2";"Niveau 3";"Niveau 4"},0)-1), 1/6,0)) -> -1 | G3: =IF(DE_respon_transv!G3=-1,-1, DE_respon_transv!G3+IF((MATCH(INDEX(Data_metier!$C:$C,MATCH($A3,Data_metier!$B:$B,0)),{"Non Concerné";"Niveau 1";"Niveau 2";"Niveau 3";"Niveau 4"},0)-1)>(MATCH(INDEX(Data_metier!$C:$C,MATCH(G$1,Data_metier!$B:$B,0)),{"Non Concerné";"Niveau 1";"Niveau 2";"Niveau 3";"Niveau 4"},0)-1), 1/6,0)+IF((MATCH(INDEX(Data_metier!$D:$D,MATCH($A3,Data_metier!$B:$B,0)),{"Non Concerné";"Niveau 1";"Niveau 2";"Niveau 3";"Niveau 4"},0)-1)>(MATCH(INDEX(Data_metier!$D:$D,MATCH(G$1,Data_metier!$B:$B,0)),{"Non Concerné";"Niveau 1";"Niveau 2";"Niveau 3";"Niveau 4"},0)-1), 1/6,0)+IF((MATCH(INDEX(Data_metier!$E:$E,MATCH($A3,Data_metier!$B:$B,0)),{"Non Concerné";"Niveau 1";"Niveau 2";"Niveau 3";"Niveau 4"},0)-1)>(MATCH(INDEX(Data_metier!$E:$E,MATCH(G$1,Data_metier!$B:$B,0)),{"Non Concerné";"Niveau 1";"Niveau 2";"Niveau 3";"Niveau 4"},0)-1), 1/6,0)) -> -1 | H3: =IF(DE_respon_transv!H3=-1,-1, DE_respon_transv!H3+IF((MATCH(INDEX(Data_metier!$C:$C,MATCH($A3,Data_metier!$B:$B,0)),{"Non Concerné";"Niveau 1";"Niveau 2";"Niveau 3";"Niveau 4"},0)-1)>(MATCH(INDEX(Data_metier!$C:$C,MATCH(H$1,Data_metier!$B:$B,0)),{"Non Concerné";"Niveau 1";"Niveau 2";"Niveau 3";"Niveau 4"},0)-1), 1/6,0)+IF((MATCH(INDEX(Data_metier!$D:$D,MATCH($A3,Data_metier!$B:$B,0)),{"Non Concerné";"Niveau 1";"Niveau 2";"Niveau 3";"Niveau 4"},0)-1)>(MATCH(INDEX(Data_metier!$D:$D,MATCH(H$1,Data_metier!$B:$B,0)),{"Non Concerné";"Niveau 1";"Niveau 2";"Niveau 3";"Niveau 4"},0)-1), 1/6,0)+IF((MATCH(INDEX(Data_metier!$E:$E,MATCH($A3,Data_metier!$B:$B,0)),{"Non Concerné";"Niveau 1";"Niveau 2";"Niveau 3";"Niveau 4"},0)-1)>(MATCH(INDEX(Data_metier!$E:$E,MATCH(H$1,Data_metier!$B:$B,0)),{"Non Concerné";"Niveau 1";"Niveau 2";"Niveau 3";"Niveau 4"},0)-1), 1/6,0)) -> -1 | I3: =IF(DE_respon_transv!I3=-1,-1, DE_respon_transv!I3+IF((MATCH(INDEX(Data_metier!$C:$C,MATCH($A3,Data_metier!$B:$B,0)),{"Non Concerné";"Niveau 1";"Niveau 2";"Niveau 3";"Niveau 4"},0)-1)>(MATCH(INDEX(Data_metier!$C:$C,MATCH(I$1,Data_metier!$B:$B,0)),{"Non Concerné";"Niveau 1";"Niveau 2";"Niveau 3";"Niveau 4"},0)-1), 1/6,0)+IF((MATCH(INDEX(Data_metier!$D:$D,MATCH($A3,Data_metier!$B:$B,0)),{"Non Concerné";"Niveau 1";"Niveau 2";"Niveau 3";"Niveau 4"},0)-1)>(MATCH(INDEX(Data_metier!$D:$D,MATCH(I$1,Data_metier!$B:$B,0)),{"Non Concerné";"Niveau 1";"Niveau 2";"Niveau 3";"Niveau 4"},0)-1), 1/6,0)+IF((MATCH(INDEX(Data_metier!$E:$E,MATCH($A3,Data_metier!$B:$B,0)),{"Non Concerné";"Niveau 1";"Niveau 2";"Niveau 3";"Niveau 4"},0)-1)>(MATCH(INDEX(Data_metier!$E:$E,MATCH(I$1,Data_metier!$B:$B,0)),{"Non Concerné";"Niveau 1";"Niveau 2";"Niveau 3";"Niveau 4"},0)-1), 1/6,0)) -> 1.3333333 | ... AD3: =IF(DE_respon_transv!AD3=-1,-1, DE_respon_transv!AD3+IF((MATCH(INDEX(Data_metier!$C:$C,MATCH($A3,Data_metier!$B:$B,0)),{"Non Concerné";"Niveau 1";"Niveau 2";"Niveau 3";"Niveau 4"},0)-1)>(MATCH(INDEX(Data_metier!$C:$C,MATCH(AD$1,Data_metier!$B:$B,0)),{"Non Concerné";"Niveau 1";"Niveau 2";"Niveau 3";"Niveau 4"},0)-1), 1/6,0)+IF((MATCH(INDEX(Data_metier!$D:$D,MATCH($A3,Data_metier!$B:$B,0)),{"Non Concerné";"Niveau 1";"Niveau 2";"Niveau 3";"Niveau 4"},0)-1)>(MATCH(INDEX(Data_metier!$D:$D,MATCH(AD$1,Data_metier!$B:$B,0)),{"Non Concerné";"Niveau 1";"Niveau 2";"Niveau 3";"Niveau 4"},0)-1), 1/6,0)+IF((MATCH(INDEX(Data_metier!$E:$E,MATCH($A3,Data_metier!$B:$B,0)),{"Non Concerné";"Niveau 1";"Niveau 2";"Niveau 3";"Niveau 4"},0)-1)>(MATCH(INDEX(Data_metier!$E:$E,MATCH(AD$1,Data_metier!$B:$B,0)),{"Non Concerné";"Niveau 1";"Niveau 2";"Niveau 3";"Niveau 4"},0)-1), 1/6,0)) -> -1
A4: Opérateur(trice) logistique | B4: =IF(DE_respon_transv!B4=-1,-1, DE_respon_transv!B4+IF((MATCH(INDEX(Data_metier!$C:$C,MATCH($A4,Data_metier!$B:$B,0)),{"Non Concerné";"Niveau 1";"Niveau 2";"Niveau 3";"Niveau 4"},0)-1)>(MATCH(INDEX(Data_metier!$C:$C,MATCH(B$1,Data_metier!$B:$B,0)),{"Non Concerné";"Niveau 1";"Niveau 2";"Niveau 3";"Niveau 4"},0)-1), 1/6,0)+IF((MATCH(INDEX(Data_metier!$D:$D,MATCH($A4,Data_metier!$B:$B,0)),{"Non Concerné";"Niveau 1";"Niveau 2";"Niveau 3";"Niveau 4"},0)-1)>(MATCH(INDEX(Data_metier!$D:$D,MATCH(B$1,Data_metier!$B:$B,0)),{"Non Concerné";"Niveau 1";"Niveau 2";"Niveau 3";"Niveau 4"},0)-1), 1/6,0)+IF((MATCH(INDEX(Data_metier!$E:$E,MATCH($A4,Data_metier!$B:$B,0)),{"Non Concerné";"Niveau 1";"Niveau 2";"Niveau 3";"Niveau 4"},0)-1)>(MATCH(INDEX(Data_metier!$E:$E,MATCH(B$1,Data_metier!$B:$B,0)),{"Non Concerné";"Niveau 1";"Niveau 2";"Niveau 3";"Niveau 4"},0)-1), 1/6,0)) -> -1 | C4: =IF(DE_respon_transv!C4=-1,-1, DE_respon_transv!C4+IF((MATCH(INDEX(Data_metier!$C:$C,MATCH($A4,Data_metier!$B:$B,0)),{"Non Concerné";"Niveau 1";"Niveau 2";"Niveau 3";"Niveau 4"},0)-1)>(MATCH(INDEX(Data_metier!$C:$C,MATCH(C$1,Data_metier!$B:$B,0)),{"Non Concerné";"Niveau 1";"Niveau 2";"Niveau 3";"Niveau 4"},0)-1), 1/6,0)+IF((MATCH(INDEX(Data_metier!$D:$D,MATCH($A4,Data_metier!$B:$B,0)),{"Non Concerné";"Niveau 1";"Niveau 2";"Niveau 3";"Niveau 4"},0)-1)>(MATCH(INDEX(Data_metier!$D:$D,MATCH(C$1,Data_metier!$B:$B,0)),{"Non Concerné";"Niveau 1";"Niveau 2";"Niveau 3";"Niveau 4"},0)-1), 1/6,0)+IF((MATCH(INDEX(Data_metier!$E:$E,MATCH($A4,Data_metier!$B:$B,0)),{"Non Concerné";"Niveau 1";"Niveau 2";"Niveau 3";"Niveau 4"},0)-1)>(MATCH(INDEX(Data_metier!$E:$E,MATCH(C$1,Data_metier!$B:$B,0)),{"Non Concerné";"Niveau 1";"Niveau 2";"Niveau 3";"Niveau 4"},0)-1), 1/6,0)) -> -1 | D4: =IF(DE_respon_transv!D4=-1,-1, DE_respon_transv!D4+IF((MATCH(INDEX(Data_metier!$C:$C,MATCH($A4,Data_metier!$B:$B,0)),{"Non Concerné";"Niveau 1";"Niveau 2";"Niveau 3";"Niveau 4"},0)-1)>(MATCH(INDEX(Data_metier!$C:$C,MATCH(D$1,Data_metier!$B:$B,0)),{"Non Concerné";"Niveau 1";"Niveau 2";"Niveau 3";"Niveau 4"},0)-1), 1/6,0)+IF((MATCH(INDEX(Data_metier!$D:$D,MATCH($A4,Data_metier!$B:$B,0)),{"Non Concerné";"Niveau 1";"Niveau 2";"Niveau 3";"Niveau 4"},0)-1)>(MATCH(INDEX(Data_metier!$D:$D,MATCH(D$1,Data_metier!$B:$B,0)),{"Non Concerné";"Niveau 1";"Niveau 2";"Niveau 3";"Niveau 4"},0)-1), 1/6,0)+IF((MATCH(INDEX(Data_metier!$E:$E,MATCH($A4,Data_metier!$B:$B,0)),{"Non Concerné";"Niveau 1";"Niveau 2";"Niveau 3";"Niveau 4"},0)-1)>(MATCH(INDEX(Data_metier!$E:$E,MATCH(D$1,Data_metier!$B:$B,0)),{"Non Concerné";"Niveau 1";"Niveau 2";"Niveau 3";"Niveau 4"},0)-1), 1/6,0)) -> 0 | E4: =IF(DE_respon_transv!E4=-1,-1, DE_respon_transv!E4+IF((MATCH(INDEX(Data_metier!$C:$C,MATCH($A4,Data_metier!$B:$B,0)),{"Non Concerné";"Niveau 1";"Niveau 2";"Niveau 3";"Niveau 4"},0)-1)>(MATCH(INDEX(Data_metier!$C:$C,MATCH(E$1,Data_metier!$B:$B,0)),{"Non Concerné";"Niveau 1";"Niveau 2";"Niveau 3";"Niveau 4"},0)-1), 1/6,0)+IF((MATCH(INDEX(Data_metier!$D:$D,MATCH($A4,Data_metier!$B:$B,0)),{"Non Concerné";"Niveau 1";"Niveau 2";"Niveau 3";"Niveau 4"},0)-1)>(MATCH(INDEX(Data_metier!$D:$D,MATCH(E$1,Data_metier!$B:$B,0)),{"Non Concerné";"Niveau 1";"Niveau 2";"Niveau 3";"Niveau 4"},0)-1), 1/6,0)+IF((MATCH(INDEX(Data_metier!$E:$E,MATCH($A4,Data_metier!$B:$B,0)),{"Non Concerné";"Niveau 1";"Niveau 2";"Niveau 3";"Niveau 4"},0)-1)>(MATCH(INDEX(Data_metier!$E:$E,MATCH(E$1,Data_metier!$B:$B,0)),{"Non Concerné";"Niveau 1";"Niveau 2";"Niveau 3";"Niveau 4"},0)-1), 1/6,0)) -> -1 | F4: =IF(DE_respon_transv!F4=-1,-1, DE_respon_transv!F4+IF((MATCH(INDEX(Data_metier!$C:$C,MATCH($A4,Data_metier!$B:$B,0)),{"Non Concerné";"Niveau 1";"Niveau 2";"Niveau 3";"Niveau 4"},0)-1)>(MATCH(INDEX(Data_metier!$C:$C,MATCH(F$1,Data_metier!$B:$B,0)),{"Non Concerné";"Niveau 1";"Niveau 2";"Niveau 3";"Niveau 4"},0)-1), 1/6,0)+IF((MATCH(INDEX(Data_metier!$D:$D,MATCH($A4,Data_metier!$B:$B,0)),{"Non Concerné";"Niveau 1";"Niveau 2";"Niveau 3";"Niveau 4"},0)-1)>(MATCH(INDEX(Data_metier!$D:$D,MATCH(F$1,Data_metier!$B:$B,0)),{"Non Concerné";"Niveau 1";"Niveau 2";"Niveau 3";"Niveau 4"},0)-1), 1/6,0)+IF((MATCH(INDEX(Data_metier!$E:$E,MATCH($A4,Data_metier!$B:$B,0)),{"Non Concerné";"Niveau 1";"Niveau 2";"Niveau 3";"Niveau 4"},0)-1)>(MATCH(INDEX(Data_metier!$E:$E,MATCH(F$1,Data_metier!$B:$B,0)),{"Non Concerné";"Niveau 1";"Niveau 2";"Niveau 3";"Niveau 4"},0)-1), 1/6,0)) -> -1 | G4: =IF(DE_respon_transv!G4=-1,-1, DE_respon_transv!G4+IF((MATCH(INDEX(Data_metier!$C:$C,MATCH($A4,Data_metier!$B:$B,0)),{"Non Concerné";"Niveau 1";"Niveau 2";"Niveau 3";"Niveau 4"},0)-1)>(MATCH(INDEX(Data_metier!$C:$C,MATCH(G$1,Data_metier!$B:$B,0)),{"Non Concerné";"Niveau 1";"Niveau 2";"Niveau 3";"Niveau 4"},0)-1), 1/6,0)+IF((MATCH(INDEX(Data_metier!$D:$D,MATCH($A4,Data_metier!$B:$B,0)),{"Non Concerné";"Niveau 1";"Niveau 2";"Niveau 3";"Niveau 4"},0)-1)>(MATCH(INDEX(Data_metier!$D:$D,MATCH(G$1,Data_metier!$B:$B,0)),{"Non Concerné";"Niveau 1";"Niveau 2";"Niveau 3";"Niveau 4"},0)-1), 1/6,0)+IF((MATCH(INDEX(Data_metier!$E:$E,MATCH($A4,Data_metier!$B:$B,0)),{"Non Concerné";"Niveau 1";"Niveau 2";"Niveau 3";"Niveau 4"},0)-1)>(MATCH(INDEX(Data_metier!$E:$E,MATCH(G$1,Data_metier!$B:$B,0)),{"Non Concerné";"Niveau 1";"Niveau 2";"Niveau 3";"Niveau 4"},0)-1), 1/6,0)) -> -1 | H4: =IF(DE_respon_transv!H4=-1,-1, DE_respon_transv!H4+IF((MATCH(INDEX(Data_metier!$C:$C,MATCH($A4,Data_metier!$B:$B,0)),{"Non Concerné";"Niveau 1";"Niveau 2";"Niveau 3";"Niveau 4"},0)-1)>(MATCH(INDEX(Data_metier!$C:$C,MATCH(H$1,Data_metier!$B:$B,0)),{"Non Concerné";"Niveau 1";"Niveau 2";"Niveau 3";"Niveau 4"},0)-1), 1/6,0)+IF((MATCH(INDEX(Data_metier!$D:$D,MATCH($A4,Data_metier!$B:$B,0)),{"Non Concerné";"Niveau 1";"Niveau 2";"Niveau 3";"Niveau 4"},0)-1)>(MATCH(INDEX(Data_metier!$D:$D,MATCH(H$1,Data_metier!$B:$B,0)),{"Non Concerné";"Niveau 1";"Niveau 2";"Niveau 3";"Niveau 4"},0)-1), 1/6,0)+IF((MATCH(INDEX(Data_metier!$E:$E,MATCH($A4,Data_metier!$B:$B,0)),{"Non Concerné";"Niveau 1";"Niveau 2";"Niveau 3";"Niveau 4"},0)-1)>(MATCH(INDEX(Data_metier!$E:$E,MATCH(H$1,Data_metier!$B:$B,0)),{"Non Concerné";"Niveau 1";"Niveau 2";"Niveau 3";"Niveau 4"},0)-1), 1/6,0)) -> -1 | I4: =IF(DE_respon_transv!I4=-1,-1, DE_respon_transv!I4+IF((MATCH(INDEX(Data_metier!$C:$C,MATCH($A4,Data_metier!$B:$B,0)),{"Non Concerné";"Niveau 1";"Niveau 2";"Niveau 3";"Niveau 4"},0)-1)>(MATCH(INDEX(Data_metier!$C:$C,MATCH(I$1,Data_metier!$B:$B,0)),{"Non Concerné";"Niveau 1";"Niveau 2";"Niveau 3";"Niveau 4"},0)-1), 1/6,0)+IF((MATCH(INDEX(Data_metier!$D:$D,MATCH($A4,Data_metier!$B:$B,0)),{"Non Concerné";"Niveau 1";"Niveau 2";"Niveau 3";"Niveau 4"},0)-1)>(MATCH(INDEX(Data_metier!$D:$D,MATCH(I$1,Data_metier!$B:$B,0)),{"Non Concerné";"Niveau 1";"Niveau 2";"Niveau 3";"Niveau 4"},0)-1), 1/6,0)+IF((MATCH(INDEX(Data_metier!$E:$E,MATCH($A4,Data_metier!$B:$B,0)),{"Non Concerné";"Niveau 1";"Niveau 2";"Niveau 3";"Niveau 4"},0)-1)>(MATCH(INDEX(Data_metier!$E:$E,MATCH(I$1,Data_metier!$B:$B,0)),{"Non Concerné";"Niveau 1";"Niveau 2";"Niveau 3";"Niveau 4"},0)-1), 1/6,0)) -> 0 | ... AD4: =IF(DE_respon_transv!AD4=-1,-1, DE_respon_transv!AD4+IF((MATCH(INDEX(Data_metier!$C:$C,MATCH($A4,Data_metier!$B:$B,0)),{"Non Concerné";"Niveau 1";"Niveau 2";"Niveau 3";"Niveau 4"},0)-1)>(MATCH(INDEX(Data_metier!$C:$C,MATCH(AD$1,Data_metier!$B:$B,0)),{"Non Concerné";"Niveau 1";"Niveau 2";"Niveau 3";"Niveau 4"},0)-1), 1/6,0)+IF((MATCH(INDEX(Data_metier!$D:$D,MATCH($A4,Data_metier!$B:$B,0)),{"Non Concerné";"Niveau 1";"Niveau 2";"Niveau 3";"Niveau 4"},0)-1)>(MATCH(INDEX(Data_metier!$D:$D,MATCH(AD$1,Data_metier!$B:$B,0)),{"Non Concerné";"Niveau 1";"Niveau 2";"Niveau 3";"Niveau 4"},0)-1), 1/6,0)+IF((MATCH(INDEX(Data_metier!$E:$E,MATCH($A4,Data_metier!$B:$B,0)),{"Non Concerné";"Niveau 1";"Niveau 2";"Niveau 3";"Niveau 4"},0)-1)>(MATCH(INDEX(Data_metier!$E:$E,MATCH(AD$1,Data_metier!$B:$B,0)),{"Non Concerné";"Niveau 1";"Niveau 2";"Niveau 3";"Niveau 4"},0)-1), 1/6,0)) -> -1
A5: Manager(euse) logistique | B5: =IF(DE_respon_transv!B5=-1,-1, DE_respon_transv!B5+IF((MATCH(INDEX(Data_metier!$C:$C,MATCH($A5,Data_metier!$B:$B,0)),{"Non Concerné";"Niveau 1";"Niveau 2";"Niveau 3";"Niveau 4"},0)-1)>(MATCH(INDEX(Data_metier!$C:$C,MATCH(B$1,Data_metier!$B:$B,0)),{"Non Concerné";"Niveau 1";"Niveau 2";"Niveau 3";"Niveau 4"},0)-1), 1/6,0)+IF((MATCH(INDEX(Data_metier!$D:$D,MATCH($A5,Data_metier!$B:$B,0)),{"Non Concerné";"Niveau 1";"Niveau 2";"Niveau 3";"Niveau 4"},0)-1)>(MATCH(INDEX(Data_metier!$D:$D,MATCH(B$1,Data_metier!$B:$B,0)),{"Non Concerné";"Niveau 1";"Niveau 2";"Niveau 3";"Niveau 4"},0)-1), 1/6,0)+IF((MATCH(INDEX(Data_metier!$E:$E,MATCH($A5,Data_metier!$B:$B,0)),{"Non Concerné";"Niveau 1";"Niveau 2";"Niveau 3";"Niveau 4"},0)-1)>(MATCH(INDEX(Data_metier!$E:$E,MATCH(B$1,Data_metier!$B:$B,0)),{"Non Concerné";"Niveau 1";"Niveau 2";"Niveau 3";"Niveau 4"},0)-1), 1/6,0)) -> 3 | C5: =IF(DE_respon_transv!C5=-1,-1, DE_respon_transv!C5+IF((MATCH(INDEX(Data_metier!$C:$C,MATCH($A5,Data_metier!$B:$B,0)),{"Non Concerné";"Niveau 1";"Niveau 2";"Niveau 3";"Niveau 4"},0)-1)>(MATCH(INDEX(Data_metier!$C:$C,MATCH(C$1,Data_metier!$B:$B,0)),{"Non Concerné";"Niveau 1";"Niveau 2";"Niveau 3";"Niveau 4"},0)-1), 1/6,0)+IF((MATCH(INDEX(Data_metier!$D:$D,MATCH($A5,Data_metier!$B:$B,0)),{"Non Concerné";"Niveau 1";"Niveau 2";"Niveau 3";"Niveau 4"},0)-1)>(MATCH(INDEX(Data_metier!$D:$D,MATCH(C$1,Data_metier!$B:$B,0)),{"Non Concerné";"Niveau 1";"Niveau 2";"Niveau 3";"Niveau 4"},0)-1), 1/6,0)+IF((MATCH(INDEX(Data_metier!$E:$E,MATCH($A5,Data_metier!$B:$B,0)),{"Non Concerné";"Niveau 1";"Niveau 2";"Niveau 3";"Niveau 4"},0)-1)>(MATCH(INDEX(Data_metier!$E:$E,MATCH(C$1,Data_metier!$B:$B,0)),{"Non Concerné";"Niveau 1";"Niveau 2";"Niveau 3";"Niveau 4"},0)-1), 1/6,0)) -> 3 | D5: =IF(DE_respon_transv!D5=-1,-1, DE_respon_transv!D5+IF((MATCH(INDEX(Data_metier!$C:$C,MATCH($A5,Data_metier!$B:$B,0)),{"Non Concerné";"Niveau 1";"Niveau 2";"Niveau 3";"Niveau 4"},0)-1)>(MATCH(INDEX(Data_metier!$C:$C,MATCH(D$1,Data_metier!$B:$B,0)),{"Non Concerné";"Niveau 1";"Niveau 2";"Niveau 3";"Niveau 4"},0)-1), 1/6,0)+IF((MATCH(INDEX(Data_metier!$D:$D,MATCH($A5,Data_metier!$B:$B,0)),{"Non Concerné";"Niveau 1";"Niveau 2";"Niveau 3";"Niveau 4"},0)-1)>(MATCH(INDEX(Data_metier!$D:$D,MATCH(D$1,Data_metier!$B:$B,0)),{"Non Concerné";"Niveau 1";"Niveau 2";"Niveau 3";"Niveau 4"},0)-1), 1/6,0)+IF((MATCH(INDEX(Data_metier!$E:$E,MATCH($A5,Data_metier!$B:$B,0)),{"Non Concerné";"Niveau 1";"Niveau 2";"Niveau 3";"Niveau 4"},0)-1)>(MATCH(INDEX(Data_metier!$E:$E,MATCH(D$1,Data_metier!$B:$B,0)),{"Non Concerné";"Niveau 1";"Niveau 2";"Niveau 3";"Niveau 4"},0)-1), 1/6,0)) -> 3 | E5: =IF(DE_respon_transv!E5=-1,-1, DE_respon_transv!E5+IF((MATCH(INDEX(Data_metier!$C:$C,MATCH($A5,Data_metier!$B:$B,0)),{"Non Concerné";"Niveau 1";"Niveau 2";"Niveau 3";"Niveau 4"},0)-1)>(MATCH(INDEX(Data_metier!$C:$C,MATCH(E$1,Data_metier!$B:$B,0)),{"Non Concerné";"Niveau 1";"Niveau 2";"Niveau 3";"Niveau 4"},0)-1), 1/6,0)+IF((MATCH(INDEX(Data_metier!$D:$D,MATCH($A5,Data_metier!$B:$B,0)),{"Non Concerné";"Niveau 1";"Niveau 2";"Niveau 3";"Niveau 4"},0)-1)>(MATCH(INDEX(Data_metier!$D:$D,MATCH(E$1,Data_metier!$B:$B,0)),{"Non Concerné";"Niveau 1";"Niveau 2";"Niveau 3";"Niveau 4"},0)-1), 1/6,0)+IF((MATCH(INDEX(Data_metier!$E:$E,MATCH($A5,Data_metier!$B:$B,0)),{"Non Concerné";"Niveau 1";"Niveau 2";"Niveau 3";"Niveau 4"},0)-1)>(MATCH(INDEX(Data_metier!$E:$E,MATCH(E$1,Data_metier!$B:$B,0)),{"Non Concerné";"Niveau 1";"Niveau 2";"Niveau 3";"Niveau 4"},0)-1), 1/6,0)) -> 0 | F5: =IF(DE_respon_transv!F5=-1,-1, DE_respon_transv!F5+IF((MATCH(INDEX(Data_metier!$C:$C,MATCH($A5,Data_metier!$B:$B,0)),{"Non Concerné";"Niveau 1";"Niveau 2";"Niveau 3";"Niveau 4"},0)-1)>(MATCH(INDEX(Data_metier!$C:$C,MATCH(F$1,Data_metier!$B:$B,0)),{"Non Concerné";"Niveau 1";"Niveau 2";"Niveau 3";"Niveau 4"},0)-1), 1/6,0)+IF((MATCH(INDEX(Data_metier!$D:$D,MATCH($A5,Data_metier!$B:$B,0)),{"Non Concerné";"Niveau 1";"Niveau 2";"Niveau 3";"Niveau 4"},0)-1)>(MATCH(INDEX(Data_metier!$D:$D,MATCH(F$1,Data_metier!$B:$B,0)),{"Non Concerné";"Niveau 1";"Niveau 2";"Niveau 3";"Niveau 4"},0)-1), 1/6,0)+IF((MATCH(INDEX(Data_metier!$E:$E,MATCH($A5,Data_metier!$B:$B,0)),{"Non Concerné";"Niveau 1";"Niveau 2";"Niveau 3";"Niveau 4"},0)-1)>(MATCH(INDEX(Data_metier!$E:$E,MATCH(F$1,Data_metier!$B:$B,0)),{"Non Concerné";"Niveau 1";"Niveau 2";"Niveau 3";"Niveau 4"},0)-1), 1/6,0)) -> -0.33333333 | G5: =IF(DE_respon_transv!G5=-1,-1, DE_respon_transv!G5+IF((MATCH(INDEX(Data_metier!$C:$C,MATCH($A5,Data_metier!$B:$B,0)),{"Non Concerné";"Niveau 1";"Niveau 2";"Niveau 3";"Niveau 4"},0)-1)>(MATCH(INDEX(Data_metier!$C:$C,MATCH(G$1,Data_metier!$B:$B,0)),{"Non Concerné";"Niveau 1";"Niveau 2";"Niveau 3";"Niveau 4"},0)-1), 1/6,0)+IF((MATCH(INDEX(Data_metier!$D:$D,MATCH($A5,Data_metier!$B:$B,0)),{"Non Concerné";"Niveau 1";"Niveau 2";"Niveau 3";"Niveau 4"},0)-1)>(MATCH(INDEX(Data_metier!$D:$D,MATCH(G$1,Data_metier!$B:$B,0)),{"Non Concerné";"Niveau 1";"Niveau 2";"Niveau 3";"Niveau 4"},0)-1), 1/6,0)+IF((MATCH(INDEX(Data_metier!$E:$E,MATCH($A5,Data_metier!$B:$B,0)),{"Non Concerné";"Niveau 1";"Niveau 2";"Niveau 3";"Niveau 4"},0)-1)>(MATCH(INDEX(Data_metier!$E:$E,MATCH(G$1,Data_metier!$B:$B,0)),{"Non Concerné";"Niveau 1";"Niveau 2";"Niveau 3";"Niveau 4"},0)-1), 1/6,0)) -> -1 | H5: =IF(DE_respon_transv!H5=-1,-1, DE_respon_transv!H5+IF((MATCH(INDEX(Data_metier!$C:$C,MATCH($A5,Data_metier!$B:$B,0)),{"Non Concerné";"Niveau 1";"Niveau 2";"Niveau 3";"Niveau 4"},0)-1)>(MATCH(INDEX(Data_metier!$C:$C,MATCH(H$1,Data_metier!$B:$B,0)),{"Non Concerné";"Niveau 1";"Niveau 2";"Niveau 3";"Niveau 4"},0)-1), 1/6,0)+IF((MATCH(INDEX(Data_metier!$D:$D,MATCH($A5,Data_metier!$B:$B,0)),{"Non Concerné";"Niveau 1";"Niveau 2";"Niveau 3";"Niveau 4"},0)-1)>(MATCH(INDEX(Data_metier!$D:$D,MATCH(H$1,Data_metier!$B:$B,0)),{"Non Concerné";"Niveau 1";"Niveau 2";"Niveau 3";"Niveau 4"},0)-1), 1/6,0)+IF((MATCH(INDEX(Data_metier!$E:$E,MATCH($A5,Data_metier!$B:$B,0)),{"Non Concerné";"Niveau 1";"Niveau 2";"Niveau 3";"Niveau 4"},0)-1)>(MATCH(INDEX(Data_metier!$E:$E,MATCH(H$1,Data_metier!$B:$B,0)),{"Non Concerné";"Niveau 1";"Niveau 2";"Niveau 3";"Niveau 4"},0)-1), 1/6,0)) -> -1 | I5: =IF(DE_respon_transv!I5=-1,-1, DE_respon_transv!I5+IF((MATCH(INDEX(Data_metier!$C:$C,MATCH($A5,Data_metier!$B:$B,0)),{"Non Concerné";"Niveau 1";"Niveau 2";"Niveau 3";"Niveau 4"},0)-1)>(MATCH(INDEX(Data_metier!$C:$C,MATCH(I$1,Data_metier!$B:$B,0)),{"Non Concerné";"Niveau 1";"Niveau 2";"Niveau 3";"Niveau 4"},0)-1), 1/6,0)+IF((MATCH(INDEX(Data_metier!$D:$D,MATCH($A5,Data_metier!$B:$B,0)),{"Non Concerné";"Niveau 1";"Niveau 2";"Niveau 3";"Niveau 4"},0)-1)>(MATCH(INDEX(Data_metier!$D:$D,MATCH(I$1,Data_metier!$B:$B,0)),{"Non Concerné";"Niveau 1";"Niveau 2";"Niveau 3";"Niveau 4"},0)-1), 1/6,0)+IF((MATCH(INDEX(Data_metier!$E:$E,MATCH($A5,Data_metier!$B:$B,0)),{"Non Concerné";"Niveau 1";"Niveau 2";"Niveau 3";"Niveau 4"},0)-1)>(MATCH(INDEX(Data_metier!$E:$E,MATCH(I$1,Data_metier!$B:$B,0)),{"Non Concerné";"Niveau 1";"Niveau 2";"Niveau 3";"Niveau 4"},0)-1), 1/6,0)) -> 3 | ... AD5: =IF(DE_respon_transv!AD5=-1,-1, DE_respon_transv!AD5+IF((MATCH(INDEX(Data_metier!$C:$C,MATCH($A5,Data_metier!$B:$B,0)),{"Non Concerné";"Niveau 1";"Niveau 2";"Niveau 3";"Niveau 4"},0)-1)>(MATCH(INDEX(Data_metier!$C:$C,MATCH(AD$1,Data_metier!$B:$B,0)),{"Non Concerné";"Niveau 1";"Niveau 2";"Niveau 3";"Niveau 4"},0)-1), 1/6,0)+IF((MATCH(INDEX(Data_metier!$D:$D,MATCH($A5,Data_metier!$B:$B,0)),{"Non Concerné";"Niveau 1";"Niveau 2";"Niveau 3";"Niveau 4"},0)-1)>(MATCH(INDEX(Data_metier!$D:$D,MATCH(AD$1,Data_metier!$B:$B,0)),{"Non Concerné";"Niveau 1";"Niveau 2";"Niveau 3";"Niveau 4"},0)-1), 1/6,0)+IF((MATCH(INDEX(Data_metier!$E:$E,MATCH($A5,Data_metier!$B:$B,0)),{"Non Concerné";"Niveau 1";"Niveau 2";"Niveau 3";"Niveau 4"},0)-1)>(MATCH(INDEX(Data_metier!$E:$E,MATCH(AD$1,Data_metier!$B:$B,0)),{"Non Concerné";"Niveau 1";"Niveau 2";"Niveau 3";"Niveau 4"},0)-1), 1/6,0)) -> 2
A6: Maître(sse) de chai | B6: =IF(DE_respon_transv!B6=-1,-1, DE_respon_transv!B6+IF((MATCH(INDEX(Data_metier!$C:$C,MATCH($A6,Data_metier!$B:$B,0)),{"Non Concerné";"Niveau 1";"Niveau 2";"Niveau 3";"Niveau 4"},0)-1)>(MATCH(INDEX(Data_metier!$C:$C,MATCH(B$1,Data_metier!$B:$B,0)),{"Non Concerné";"Niveau 1";"Niveau 2";"Niveau 3";"Niveau 4"},0)-1), 1/6,0)+IF((MATCH(INDEX(Data_metier!$D:$D,MATCH($A6,Data_metier!$B:$B,0)),{"Non Concerné";"Niveau 1";"Niveau 2";"Niveau 3";"Niveau 4"},0)-1)>(MATCH(INDEX(Data_metier!$D:$D,MATCH(B$1,Data_metier!$B:$B,0)),{"Non Concerné";"Niveau 1";"Niveau 2";"Niveau 3";"Niveau 4"},0)-1), 1/6,0)+IF((MATCH(INDEX(Data_metier!$E:$E,MATCH($A6,Data_metier!$B:$B,0)),{"Non Concerné";"Niveau 1";"Niveau 2";"Niveau 3";"Niveau 4"},0)-1)>(MATCH(INDEX(Data_metier!$E:$E,MATCH(B$1,Data_metier!$B:$B,0)),{"Non Concerné";"Niveau 1";"Niveau 2";"Niveau 3";"Niveau 4"},0)-1), 1/6,0)) -> 2.5 | C6: =IF(DE_respon_transv!C6=-1,-1, DE_respon_transv!C6+IF((MATCH(INDEX(Data_metier!$C:$C,MATCH($A6,Data_metier!$B:$B,0)),{"Non Concerné";"Niveau 1";"Niveau 2";"Niveau 3";"Niveau 4"},0)-1)>(MATCH(INDEX(Data_metier!$C:$C,MATCH(C$1,Data_metier!$B:$B,0)),{"Non Concerné";"Niveau 1";"Niveau 2";"Niveau 3";"Niveau 4"},0)-1), 1/6,0)+IF((MATCH(INDEX(Data_metier!$D:$D,MATCH($A6,Data_metier!$B:$B,0)),{"Non Concerné";"Niveau 1";"Niveau 2";"Niveau 3";"Niveau 4"},0)-1)>(MATCH(INDEX(Data_metier!$D:$D,MATCH(C$1,Data_metier!$B:$B,0)),{"Non Concerné";"Niveau 1";"Niveau 2";"Niveau 3";"Niveau 4"},0)-1), 1/6,0)+IF((MATCH(INDEX(Data_metier!$E:$E,MATCH($A6,Data_metier!$B:$B,0)),{"Non Concerné";"Niveau 1";"Niveau 2";"Niveau 3";"Niveau 4"},0)-1)>(MATCH(INDEX(Data_metier!$E:$E,MATCH(C$1,Data_metier!$B:$B,0)),{"Non Concerné";"Niveau 1";"Niveau 2";"Niveau 3";"Niveau 4"},0)-1), 1/6,0)) -> 2.3333333 | D6: =IF(DE_respon_transv!D6=-1,-1, DE_respon_transv!D6+IF((MATCH(INDEX(Data_metier!$C:$C,MATCH($A6,Data_metier!$B:$B,0)),{"Non Concerné";"Niveau 1";"Niveau 2";"Niveau 3";"Niveau 4"},0)-1)>(MATCH(INDEX(Data_metier!$C:$C,MATCH(D$1,Data_metier!$B:$B,0)),{"Non Concerné";"Niveau 1";"Niveau 2";"Niveau 3";"Niveau 4"},0)-1), 1/6,0)+IF((MATCH(INDEX(Data_metier!$D:$D,MATCH($A6,Data_metier!$B:$B,0)),{"Non Concerné";"Niveau 1";"Niveau 2";"Niveau 3";"Niveau 4"},0)-1)>(MATCH(INDEX(Data_metier!$D:$D,MATCH(D$1,Data_metier!$B:$B,0)),{"Non Concerné";"Niveau 1";"Niveau 2";"Niveau 3";"Niveau 4"},0)-1), 1/6,0)+IF((MATCH(INDEX(Data_metier!$E:$E,MATCH($A6,Data_metier!$B:$B,0)),{"Non Concerné";"Niveau 1";"Niveau 2";"Niveau 3";"Niveau 4"},0)-1)>(MATCH(INDEX(Data_metier!$E:$E,MATCH(D$1,Data_metier!$B:$B,0)),{"Non Concerné";"Niveau 1";"Niveau 2";"Niveau 3";"Niveau 4"},0)-1), 1/6,0)) -> 2.5 | E6: =IF(DE_respon_transv!E6=-1,-1, DE_respon_transv!E6+IF((MATCH(INDEX(Data_metier!$C:$C,MATCH($A6,Data_metier!$B:$B,0)),{"Non Concerné";"Niveau 1";"Niveau 2";"Niveau 3";"Niveau 4"},0)-1)>(MATCH(INDEX(Data_metier!$C:$C,MATCH(E$1,Data_metier!$B:$B,0)),{"Non Concerné";"Niveau 1";"Niveau 2";"Niveau 3";"Niveau 4"},0)-1), 1/6,0)+IF((MATCH(INDEX(Data_metier!$D:$D,MATCH($A6,Data_metier!$B:$B,0)),{"Non Concerné";"Niveau 1";"Niveau 2";"Niveau 3";"Niveau 4"},0)-1)>(MATCH(INDEX(Data_metier!$D:$D,MATCH(E$1,Data_metier!$B:$B,0)),{"Non Concerné";"Niveau 1";"Niveau 2";"Niveau 3";"Niveau 4"},0)-1), 1/6,0)+IF((MATCH(INDEX(Data_metier!$E:$E,MATCH($A6,Data_metier!$B:$B,0)),{"Non Concerné";"Niveau 1";"Niveau 2";"Niveau 3";"Niveau 4"},0)-1)>(MATCH(INDEX(Data_metier!$E:$E,MATCH(E$1,Data_metier!$B:$B,0)),{"Non Concerné";"Niveau 1";"Niveau 2";"Niveau 3";"Niveau 4"},0)-1), 1/6,0)) -> 1 | F6: =IF(DE_respon_transv!F6=-1,-1, DE_respon_transv!F6+IF((MATCH(INDEX(Data_metier!$C:$C,MATCH($A6,Data_metier!$B:$B,0)),{"Non Concerné";"Niveau 1";"Niveau 2";"Niveau 3";"Niveau 4"},0)-1)>(MATCH(INDEX(Data_metier!$C:$C,MATCH(F$1,Data_metier!$B:$B,0)),{"Non Concerné";"Niveau 1";"Niveau 2";"Niveau 3";"Niveau 4"},0)-1), 1/6,0)+IF((MATCH(INDEX(Data_metier!$D:$D,MATCH($A6,Data_metier!$B:$B,0)),{"Non Concerné";"Niveau 1";"Niveau 2";"Niveau 3";"Niveau 4"},0)-1)>(MATCH(INDEX(Data_metier!$D:$D,MATCH(F$1,Data_metier!$B:$B,0)),{"Non Concerné";"Niveau 1";"Niveau 2";"Niveau 3";"Niveau 4"},0)-1), 1/6,0)+IF((MATCH(INDEX(Data_metier!$E:$E,MATCH($A6,Data_metier!$B:$B,0)),{"Non Concerné";"Niveau 1";"Niveau 2";"Niveau 3";"Niveau 4"},0)-1)>(MATCH(INDEX(Data_metier!$E:$E,MATCH(F$1,Data_metier!$B:$B,0)),{"Non Concerné";"Niveau 1";"Niveau 2";"Niveau 3";"Niveau 4"},0)-1), 1/6,0)) -> 0 | G6: =IF(DE_respon_transv!G6=-1,-1, DE_respon_transv!G6+IF((MATCH(INDEX(Data_metier!$C:$C,MATCH($A6,Data_metier!$B:$B,0)),{"Non Concerné";"Niveau 1";"Niveau 2";"Niveau 3";"Niveau 4"},0)-1)>(MATCH(INDEX(Data_metier!$C:$C,MATCH(G$1,Data_metier!$B:$B,0)),{"Non Concerné";"Niveau 1";"Niveau 2";"Niveau 3";"Niveau 4"},0)-1), 1/6,0)+IF((MATCH(INDEX(Data_metier!$D:$D,MATCH($A6,Data_metier!$B:$B,0)),{"Non Concerné";"Niveau 1";"Niveau 2";"Niveau 3";"Niveau 4"},0)-1)>(MATCH(INDEX(Data_metier!$D:$D,MATCH(G$1,Data_metier!$B:$B,0)),{"Non Concerné";"Niveau 1";"Niveau 2";"Niveau 3";"Niveau 4"},0)-1), 1/6,0)+IF((MATCH(INDEX(Data_metier!$E:$E,MATCH($A6,Data_metier!$B:$B,0)),{"Non Concerné";"Niveau 1";"Niveau 2";"Niveau 3";"Niveau 4"},0)-1)>(MATCH(INDEX(Data_metier!$E:$E,MATCH(G$1,Data_metier!$B:$B,0)),{"Non Concerné";"Niveau 1";"Niveau 2";"Niveau 3";"Niveau 4"},0)-1), 1/6,0)) -> 0 | H6: =IF(DE_respon_transv!H6=-1,-1, DE_respon_transv!H6+IF((MATCH(INDEX(Data_metier!$C:$C,MATCH($A6,Data_metier!$B:$B,0)),{"Non Concerné";"Niveau 1";"Niveau 2";"Niveau 3";"Niveau 4"},0)-1)>(MATCH(INDEX(Data_metier!$C:$C,MATCH(H$1,Data_metier!$B:$B,0)),{"Non Concerné";"Niveau 1";"Niveau 2";"Niveau 3";"Niveau 4"},0)-1), 1/6,0)+IF((MATCH(INDEX(Data_metier!$D:$D,MATCH($A6,Data_metier!$B:$B,0)),{"Non Concerné";"Niveau 1";"Niveau 2";"Niveau 3";"Niveau 4"},0)-1)>(MATCH(INDEX(Data_metier!$D:$D,MATCH(H$1,Data_metier!$B:$B,0)),{"Non Concerné";"Niveau 1";"Niveau 2";"Niveau 3";"Niveau 4"},0)-1), 1/6,0)+IF((MATCH(INDEX(Data_metier!$E:$E,MATCH($A6,Data_metier!$B:$B,0)),{"Non Concerné";"Niveau 1";"Niveau 2";"Niveau 3";"Niveau 4"},0)-1)>(MATCH(INDEX(Data_metier!$E:$E,MATCH(H$1,Data_metier!$B:$B,0)),{"Non Concerné";"Niveau 1";"Niveau 2";"Niveau 3";"Niveau 4"},0)-1), 1/6,0)) -> 0 | I6: =IF(DE_respon_transv!I6=-1,-1, DE_respon_transv!I6+IF((MATCH(INDEX(Data_metier!$C:$C,MATCH($A6,Data_metier!$B:$B,0)),{"Non Concerné";"Niveau 1";"Niveau 2";"Niveau 3";"Niveau 4"},0)-1)>(MATCH(INDEX(Data_metier!$C:$C,MATCH(I$1,Data_metier!$B:$B,0)),{"Non Concerné";"Niveau 1";"Niveau 2";"Niveau 3";"Niveau 4"},0)-1), 1/6,0)+IF((MATCH(INDEX(Data_metier!$D:$D,MATCH($A6,Data_metier!$B:$B,0)),{"Non Concerné";"Niveau 1";"Niveau 2";"Niveau 3";"Niveau 4"},0)-1)>(MATCH(INDEX(Data_metier!$D:$D,MATCH(I$1,Data_metier!$B:$B,0)),{"Non Concerné";"Niveau 1";"Niveau 2";"Niveau 3";"Niveau 4"},0)-1), 1/6,0)+IF((MATCH(INDEX(Data_metier!$E:$E,MATCH($A6,Data_metier!$B:$B,0)),{"Non Concerné";"Niveau 1";"Niveau 2";"Niveau 3";"Niveau 4"},0)-1)>(MATCH(INDEX(Data_metier!$E:$E,MATCH(I$1,Data_metier!$B:$B,0)),{"Non Concerné";"Niveau 1";"Niveau 2";"Niveau 3";"Niveau 4"},0)-1), 1/6,0)) -> 2.5 | ... AD6: =IF(DE_respon_transv!AD6=-1,-1, DE_respon_transv!AD6+IF((MATCH(INDEX(Data_metier!$C:$C,MATCH($A6,Data_metier!$B:$B,0)),{"Non Concerné";"Niveau 1";"Niveau 2";"Niveau 3";"Niveau 4"},0)-1)>(MATCH(INDEX(Data_metier!$C:$C,MATCH(AD$1,Data_metier!$B:$B,0)),{"Non Concerné";"Niveau 1";"Niveau 2";"Niveau 3";"Niveau 4"},0)-1), 1/6,0)+IF((MATCH(INDEX(Data_metier!$D:$D,MATCH($A6,Data_metier!$B:$B,0)),{"Non Concerné";"Niveau 1";"Niveau 2";"Niveau 3";"Niveau 4"},0)-1)>(MATCH(INDEX(Data_metier!$D:$D,MATCH(AD$1,Data_metier!$B:$B,0)),{"Non Concerné";"Niveau 1";"Niveau 2";"Niveau 3";"Niveau 4"},0)-1), 1/6,0)+IF((MATCH(INDEX(Data_metier!$E:$E,MATCH($A6,Data_metier!$B:$B,0)),{"Non Concerné";"Niveau 1";"Niveau 2";"Niveau 3";"Niveau 4"},0)-1)>(MATCH(INDEX(Data_metier!$E:$E,MATCH(AD$1,Data_metier!$B:$B,0)),{"Non Concerné";"Niveau 1";"Niveau 2";"Niveau 3";"Niveau 4"},0)-1), 1/6,0)) -> 2.3333333
A7: Superviseur(se) de production (fabrication / conditionnement) | B7: =IF(DE_respon_transv!B7=-1,-1, DE_respon_transv!B7+IF((MATCH(INDEX(Data_metier!$C:$C,MATCH($A7,Data_metier!$B:$B,0)),{"Non Concerné";"Niveau 1";"Niveau 2";"Niveau 3";"Niveau 4"},0)-1)>(MATCH(INDEX(Data_metier!$C:$C,MATCH(B$1,Data_metier!$B:$B,0)),{"Non Concerné";"Niveau 1";"Niveau 2";"Niveau 3";"Niveau 4"},0)-1), 1/6,0)+IF((MATCH(INDEX(Data_metier!$D:$D,MATCH($A7,Data_metier!$B:$B,0)),{"Non Concerné";"Niveau 1";"Niveau 2";"Niveau 3";"Niveau 4"},0)-1)>(MATCH(INDEX(Data_metier!$D:$D,MATCH(B$1,Data_metier!$B:$B,0)),{"Non Concerné";"Niveau 1";"Niveau 2";"Niveau 3";"Niveau 4"},0)-1), 1/6,0)+IF((MATCH(INDEX(Data_metier!$E:$E,MATCH($A7,Data_metier!$B:$B,0)),{"Non Concerné";"Niveau 1";"Niveau 2";"Niveau 3";"Niveau 4"},0)-1)>(MATCH(INDEX(Data_metier!$E:$E,MATCH(B$1,Data_metier!$B:$B,0)),{"Non Concerné";"Niveau 1";"Niveau 2";"Niveau 3";"Niveau 4"},0)-1), 1/6,0)) -> 3 | C7: =IF(DE_respon_transv!C7=-1,-1, DE_respon_transv!C7+IF((MATCH(INDEX(Data_metier!$C:$C,MATCH($A7,Data_metier!$B:$B,0)),{"Non Concerné";"Niveau 1";"Niveau 2";"Niveau 3";"Niveau 4"},0)-1)>(MATCH(INDEX(Data_metier!$C:$C,MATCH(C$1,Data_metier!$B:$B,0)),{"Non Concerné";"Niveau 1";"Niveau 2";"Niveau 3";"Niveau 4"},0)-1), 1/6,0)+IF((MATCH(INDEX(Data_metier!$D:$D,MATCH($A7,Data_metier!$B:$B,0)),{"Non Concerné";"Niveau 1";"Niveau 2";"Niveau 3";"Niveau 4"},0)-1)>(MATCH(INDEX(Data_metier!$D:$D,MATCH(C$1,Data_metier!$B:$B,0)),{"Non Concerné";"Niveau 1";"Niveau 2";"Niveau 3";"Niveau 4"},0)-1), 1/6,0)+IF((MATCH(INDEX(Data_metier!$E:$E,MATCH($A7,Data_metier!$B:$B,0)),{"Non Concerné";"Niveau 1";"Niveau 2";"Niveau 3";"Niveau 4"},0)-1)>(MATCH(INDEX(Data_metier!$E:$E,MATCH(C$1,Data_metier!$B:$B,0)),{"Non Concerné";"Niveau 1";"Niveau 2";"Niveau 3";"Niveau 4"},0)-1), 1/6,0)) -> 3 | D7: =IF(DE_respon_transv!D7=-1,-1, DE_respon_transv!D7+IF((MATCH(INDEX(Data_metier!$C:$C,MATCH($A7,Data_metier!$B:$B,0)),{"Non Concerné";"Niveau 1";"Niveau 2";"Niveau 3";"Niveau 4"},0)-1)>(MATCH(INDEX(Data_metier!$C:$C,MATCH(D$1,Data_metier!$B:$B,0)),{"Non Concerné";"Niveau 1";"Niveau 2";"Niveau 3";"Niveau 4"},0)-1), 1/6,0)+IF((MATCH(INDEX(Data_metier!$D:$D,MATCH($A7,Data_metier!$B:$B,0)),{"Non Concerné";"Niveau 1";"Niveau 2";"Niveau 3";"Niveau 4"},0)-1)>(MATCH(INDEX(Data_metier!$D:$D,MATCH(D$1,Data_metier!$B:$B,0)),{"Non Concerné";"Niveau 1";"Niveau 2";"Niveau 3";"Niveau 4"},0)-1), 1/6,0)+IF((MATCH(INDEX(Data_metier!$E:$E,MATCH($A7,Data_metier!$B:$B,0)),{"Non Concerné";"Niveau 1";"Niveau 2";"Niveau 3";"Niveau 4"},0)-1)>(MATCH(INDEX(Data_metier!$E:$E,MATCH(D$1,Data_metier!$B:$B,0)),{"Non Concerné";"Niveau 1";"Niveau 2";"Niveau 3";"Niveau 4"},0)-1), 1/6,0)) -> 3 | E7: =IF(DE_respon_transv!E7=-1,-1, DE_respon_transv!E7+IF((MATCH(INDEX(Data_metier!$C:$C,MATCH($A7,Data_metier!$B:$B,0)),{"Non Concerné";"Niveau 1";"Niveau 2";"Niveau 3";"Niveau 4"},0)-1)>(MATCH(INDEX(Data_metier!$C:$C,MATCH(E$1,Data_metier!$B:$B,0)),{"Non Concerné";"Niveau 1";"Niveau 2";"Niveau 3";"Niveau 4"},0)-1), 1/6,0)+IF((MATCH(INDEX(Data_metier!$D:$D,MATCH($A7,Data_metier!$B:$B,0)),{"Non Concerné";"Niveau 1";"Niveau 2";"Niveau 3";"Niveau 4"},0)-1)>(MATCH(INDEX(Data_metier!$D:$D,MATCH(E$1,Data_metier!$B:$B,0)),{"Non Concerné";"Niveau 1";"Niveau 2";"Niveau 3";"Niveau 4"},0)-1), 1/6,0)+IF((MATCH(INDEX(Data_metier!$E:$E,MATCH($A7,Data_metier!$B:$B,0)),{"Non Concerné";"Niveau 1";"Niveau 2";"Niveau 3";"Niveau 4"},0)-1)>(MATCH(INDEX(Data_metier!$E:$E,MATCH(E$1,Data_metier!$B:$B,0)),{"Non Concerné";"Niveau 1";"Niveau 2";"Niveau 3";"Niveau 4"},0)-1), 1/6,0)) -> 1 | F7: =IF(DE_respon_transv!F7=-1,-1, DE_respon_transv!F7+IF((MATCH(INDEX(Data_metier!$C:$C,MATCH($A7,Data_metier!$B:$B,0)),{"Non Concerné";"Niveau 1";"Niveau 2";"Niveau 3";"Niveau 4"},0)-1)>(MATCH(INDEX(Data_metier!$C:$C,MATCH(F$1,Data_metier!$B:$B,0)),{"Non Concerné";"Niveau 1";"Niveau 2";"Niveau 3";"Niveau 4"},0)-1), 1/6,0)+IF((MATCH(INDEX(Data_metier!$D:$D,MATCH($A7,Data_metier!$B:$B,0)),{"Non Concerné";"Niveau 1";"Niveau 2";"Niveau 3";"Niveau 4"},0)-1)>(MATCH(INDEX(Data_metier!$D:$D,MATCH(F$1,Data_metier!$B:$B,0)),{"Non Concerné";"Niveau 1";"Niveau 2";"Niveau 3";"Niveau 4"},0)-1), 1/6,0)+IF((MATCH(INDEX(Data_metier!$E:$E,MATCH($A7,Data_metier!$B:$B,0)),{"Non Concerné";"Niveau 1";"Niveau 2";"Niveau 3";"Niveau 4"},0)-1)>(MATCH(INDEX(Data_metier!$E:$E,MATCH(F$1,Data_metier!$B:$B,0)),{"Non Concerné";"Niveau 1";"Niveau 2";"Niveau 3";"Niveau 4"},0)-1), 1/6,0)) -> 0.66666667 | G7: =IF(DE_respon_transv!G7=-1,-1, DE_respon_transv!G7+IF((MATCH(INDEX(Data_metier!$C:$C,MATCH($A7,Data_metier!$B:$B,0)),{"Non Concerné";"Niveau 1";"Niveau 2";"Niveau 3";"Niveau 4"},0)-1)>(MATCH(INDEX(Data_metier!$C:$C,MATCH(G$1,Data_metier!$B:$B,0)),{"Non Concerné";"Niveau 1";"Niveau 2";"Niveau 3";"Niveau 4"},0)-1), 1/6,0)+IF((MATCH(INDEX(Data_metier!$D:$D,MATCH($A7,Data_metier!$B:$B,0)),{"Non Concerné";"Niveau 1";"Niveau 2";"Niveau 3";"Niveau 4"},0)-1)>(MATCH(INDEX(Data_metier!$D:$D,MATCH(G$1,Data_metier!$B:$B,0)),{"Non Concerné";"Niveau 1";"Niveau 2";"Niveau 3";"Niveau 4"},0)-1), 1/6,0)+IF((MATCH(INDEX(Data_metier!$E:$E,MATCH($A7,Data_metier!$B:$B,0)),{"Non Concerné";"Niveau 1";"Niveau 2";"Niveau 3";"Niveau 4"},0)-1)>(MATCH(INDEX(Data_metier!$E:$E,MATCH(G$1,Data_metier!$B:$B,0)),{"Non Concerné";"Niveau 1";"Niveau 2";"Niveau 3";"Niveau 4"},0)-1), 1/6,0)) -> 0 | H7: =IF(DE_respon_transv!H7=-1,-1, DE_respon_transv!H7+IF((MATCH(INDEX(Data_metier!$C:$C,MATCH($A7,Data_metier!$B:$B,0)),{"Non Concerné";"Niveau 1";"Niveau 2";"Niveau 3";"Niveau 4"},0)-1)>(MATCH(INDEX(Data_metier!$C:$C,MATCH(H$1,Data_metier!$B:$B,0)),{"Non Concerné";"Niveau 1";"Niveau 2";"Niveau 3";"Niveau 4"},0)-1), 1/6,0)+IF((MATCH(INDEX(Data_metier!$D:$D,MATCH($A7,Data_metier!$B:$B,0)),{"Non Concerné";"Niveau 1";"Niveau 2";"Niveau 3";"Niveau 4"},0)-1)>(MATCH(INDEX(Data_metier!$D:$D,MATCH(H$1,Data_metier!$B:$B,0)),{"Non Concerné";"Niveau 1";"Niveau 2";"Niveau 3";"Niveau 4"},0)-1), 1/6,0)+IF((MATCH(INDEX(Data_metier!$E:$E,MATCH($A7,Data_metier!$B:$B,0)),{"Non Concerné";"Niveau 1";"Niveau 2";"Niveau 3";"Niveau 4"},0)-1)>(MATCH(INDEX(Data_metier!$E:$E,MATCH(H$1,Data_metier!$B:$B,0)),{"Non Concerné";"Niveau 1";"Niveau 2";"Niveau 3";"Niveau 4"},0)-1), 1/6,0)) -> 0 | I7: =IF(DE_respon_transv!I7=-1,-1, DE_respon_transv!I7+IF((MATCH(INDEX(Data_metier!$C:$C,MATCH($A7,Data_metier!$B:$B,0)),{"Non Concerné";"Niveau 1";"Niveau 2";"Niveau 3";"Niveau 4"},0)-1)>(MATCH(INDEX(Data_metier!$C:$C,MATCH(I$1,Data_metier!$B:$B,0)),{"Non Concerné";"Niveau 1";"Niveau 2";"Niveau 3";"Niveau 4"},0)-1), 1/6,0)+IF((MATCH(INDEX(Data_metier!$D:$D,MATCH($A7,Data_metier!$B:$B,0)),{"Non Concerné";"Niveau 1";"Niveau 2";"Niveau 3";"Niveau 4"},0)-1)>(MATCH(INDEX(Data_metier!$D:$D,MATCH(I$1,Data_metier!$B:$B,0)),{"Non Concerné";"Niveau 1";"Niveau 2";"Niveau 3";"Niveau 4"},0)-1), 1/6,0)+IF((MATCH(INDEX(Data_metier!$E:$E,MATCH($A7,Data_metier!$B:$B,0)),{"Non Concerné";"Niveau 1";"Niveau 2";"Niveau 3";"Niveau 4"},0)-1)>(MATCH(INDEX(Data_metier!$E:$E,MATCH(I$1,Data_metier!$B:$B,0)),{"Non Concerné";"Niveau 1";"Niveau 2";"Niveau 3";"Niveau 4"},0)-1), 1/6,0)) -> 3 | ... AD7: =IF(DE_respon_transv!AD7=-1,-1, DE_respon_transv!AD7+IF((MATCH(INDEX(Data_metier!$C:$C,MATCH($A7,Data_metier!$B:$B,0)),{"Non Concerné";"Niveau 1";"Niveau 2";"Niveau 3";"Niveau 4"},0)-1)>(MATCH(INDEX(Data_metier!$C:$C,MATCH(AD$1,Data_metier!$B:$B,0)),{"Non Concerné";"Niveau 1";"Niveau 2";"Niveau 3";"Niveau 4"},0)-1), 1/6,0)+IF((MATCH(INDEX(Data_metier!$D:$D,MATCH($A7,Data_metier!$B:$B,0)),{"Non Concerné";"Niveau 1";"Niveau 2";"Niveau 3";"Niveau 4"},0)-1)>(MATCH(INDEX(Data_metier!$D:$D,MATCH(AD$1,Data_metier!$B:$B,0)),{"Non Concerné";"Niveau 1";"Niveau 2";"Niveau 3";"Niveau 4"},0)-1), 1/6,0)+IF((MATCH(INDEX(Data_metier!$E:$E,MATCH($A7,Data_metier!$B:$B,0)),{"Non Concerné";"Niveau 1";"Niveau 2";"Niveau 3";"Niveau 4"},0)-1)>(MATCH(INDEX(Data_metier!$E:$E,MATCH(AD$1,Data_metier!$B:$B,0)),{"Non Concerné";"Niveau 1";"Niveau 2";"Niveau 3";"Niveau 4"},0)-1), 1/6,0)) -> 3
A8: Spécialiste planning / ordonnancement | B8: =IF(DE_respon_transv!B8=-1,-1, DE_respon_transv!B8+IF((MATCH(INDEX(Data_metier!$C:$C,MATCH($A8,Data_metier!$B:$B,0)),{"Non Concerné";"Niveau 1";"Niveau 2";"Niveau 3";"Niveau 4"},0)-1)>(MATCH(INDEX(Data_metier!$C:$C,MATCH(B$1,Data_metier!$B:$B,0)),{"Non Concerné";"Niveau 1";"Niveau 2";"Niveau 3";"Niveau 4"},0)-1), 1/6,0)+IF((MATCH(INDEX(Data_metier!$D:$D,MATCH($A8,Data_metier!$B:$B,0)),{"Non Concerné";"Niveau 1";"Niveau 2";"Niveau 3";"Niveau 4"},0)-1)>(MATCH(INDEX(Data_metier!$D:$D,MATCH(B$1,Data_metier!$B:$B,0)),{"Non Concerné";"Niveau 1";"Niveau 2";"Niveau 3";"Niveau 4"},0)-1), 1/6,0)+IF((MATCH(INDEX(Data_metier!$E:$E,MATCH($A8,Data_metier!$B:$B,0)),{"Non Concerné";"Niveau 1";"Niveau 2";"Niveau 3";"Niveau 4"},0)-1)>(MATCH(INDEX(Data_metier!$E:$E,MATCH(B$1,Data_metier!$B:$B,0)),{"Non Concerné";"Niveau 1";"Niveau 2";"Niveau 3";"Niveau 4"},0)-1), 1/6,0)) -> 3 | C8: =IF(DE_respon_transv!C8=-1,-1, DE_respon_transv!C8+IF((MATCH(INDEX(Data_metier!$C:$C,MATCH($A8,Data_metier!$B:$B,0)),{"Non Concerné";"Niveau 1";"Niveau 2";"Niveau 3";"Niveau 4"},0)-1)>(MATCH(INDEX(Data_metier!$C:$C,MATCH(C$1,Data_metier!$B:$B,0)),{"Non Concerné";"Niveau 1";"Niveau 2";"Niveau 3";"Niveau 4"},0)-1), 1/6,0)+IF((MATCH(INDEX(Data_metier!$D:$D,MATCH($A8,Data_metier!$B:$B,0)),{"Non Concerné";"Niveau 1";"Niveau 2";"Niveau 3";"Niveau 4"},0)-1)>(MATCH(INDEX(Data_metier!$D:$D,MATCH(C$1,Data_metier!$B:$B,0)),{"Non Concerné";"Niveau 1";"Niveau 2";"Niveau 3";"Niveau 4"},0)-1), 1/6,0)+IF((MATCH(INDEX(Data_metier!$E:$E,MATCH($A8,Data_metier!$B:$B,0)),{"Non Concerné";"Niveau 1";"Niveau 2";"Niveau 3";"Niveau 4"},0)-1)>(MATCH(INDEX(Data_metier!$E:$E,MATCH(C$1,Data_metier!$B:$B,0)),{"Non Concerné";"Niveau 1";"Niveau 2";"Niveau 3";"Niveau 4"},0)-1), 1/6,0)) -> 3 | D8: =IF(DE_respon_transv!D8=-1,-1, DE_respon_transv!D8+IF((MATCH(INDEX(Data_metier!$C:$C,MATCH($A8,Data_metier!$B:$B,0)),{"Non Concerné";"Niveau 1";"Niveau 2";"Niveau 3";"Niveau 4"},0)-1)>(MATCH(INDEX(Data_metier!$C:$C,MATCH(D$1,Data_metier!$B:$B,0)),{"Non Concerné";"Niveau 1";"Niveau 2";"Niveau 3";"Niveau 4"},0)-1), 1/6,0)+IF((MATCH(INDEX(Data_metier!$D:$D,MATCH($A8,Data_metier!$B:$B,0)),{"Non Concerné";"Niveau 1";"Niveau 2";"Niveau 3";"Niveau 4"},0)-1)>(MATCH(INDEX(Data_metier!$D:$D,MATCH(D$1,Data_metier!$B:$B,0)),{"Non Concerné";"Niveau 1";"Niveau 2";"Niveau 3";"Niveau 4"},0)-1), 1/6,0)+IF((MATCH(INDEX(Data_metier!$E:$E,MATCH($A8,Data_metier!$B:$B,0)),{"Non Concerné";"Niveau 1";"Niveau 2";"Niveau 3";"Niveau 4"},0)-1)>(MATCH(INDEX(Data_metier!$E:$E,MATCH(D$1,Data_metier!$B:$B,0)),{"Non Concerné";"Niveau 1";"Niveau 2";"Niveau 3";"Niveau 4"},0)-1), 1/6,0)) -> 3 | E8: =IF(DE_respon_transv!E8=-1,-1, DE_respon_transv!E8+IF((MATCH(INDEX(Data_metier!$C:$C,MATCH($A8,Data_metier!$B:$B,0)),{"Non Concerné";"Niveau 1";"Niveau 2";"Niveau 3";"Niveau 4"},0)-1)>(MATCH(INDEX(Data_metier!$C:$C,MATCH(E$1,Data_metier!$B:$B,0)),{"Non Concerné";"Niveau 1";"Niveau 2";"Niveau 3";"Niveau 4"},0)-1), 1/6,0)+IF((MATCH(INDEX(Data_metier!$D:$D,MATCH($A8,Data_metier!$B:$B,0)),{"Non Concerné";"Niveau 1";"Niveau 2";"Niveau 3";"Niveau 4"},0)-1)>(MATCH(INDEX(Data_metier!$D:$D,MATCH(E$1,Data_metier!$B:$B,0)),{"Non Concerné";"Niveau 1";"Niveau 2";"Niveau 3";"Niveau 4"},0)-1), 1/6,0)+IF((MATCH(INDEX(Data_metier!$E:$E,MATCH($A8,Data_metier!$B:$B,0)),{"Non Concerné";"Niveau 1";"Niveau 2";"Niveau 3";"Niveau 4"},0)-1)>(MATCH(INDEX(Data_metier!$E:$E,MATCH(E$1,Data_metier!$B:$B,0)),{"Non Concerné";"Niveau 1";"Niveau 2";"Niveau 3";"Niveau 4"},0)-1), 1/6,0)) -> 1 | F8: =IF(DE_respon_transv!F8=-1,-1, DE_respon_transv!F8+IF((MATCH(INDEX(Data_metier!$C:$C,MATCH($A8,Data_metier!$B:$B,0)),{"Non Concerné";"Niveau 1";"Niveau 2";"Niveau 3";"Niveau 4"},0)-1)>(MATCH(INDEX(Data_metier!$C:$C,MATCH(F$1,Data_metier!$B:$B,0)),{"Non Concerné";"Niveau 1";"Niveau 2";"Niveau 3";"Niveau 4"},0)-1), 1/6,0)+IF((MATCH(INDEX(Data_metier!$D:$D,MATCH($A8,Data_metier!$B:$B,0)),{"Non Concerné";"Niveau 1";"Niveau 2";"Niveau 3";"Niveau 4"},0)-1)>(MATCH(INDEX(Data_metier!$D:$D,MATCH(F$1,Data_metier!$B:$B,0)),{"Non Concerné";"Niveau 1";"Niveau 2";"Niveau 3";"Niveau 4"},0)-1), 1/6,0)+IF((MATCH(INDEX(Data_metier!$E:$E,MATCH($A8,Data_metier!$B:$B,0)),{"Non Concerné";"Niveau 1";"Niveau 2";"Niveau 3";"Niveau 4"},0)-1)>(MATCH(INDEX(Data_metier!$E:$E,MATCH(F$1,Data_metier!$B:$B,0)),{"Non Concerné";"Niveau 1";"Niveau 2";"Niveau 3";"Niveau 4"},0)-1), 1/6,0)) -> 0.66666667 | G8: =IF(DE_respon_transv!G8=-1,-1, DE_respon_transv!G8+IF((MATCH(INDEX(Data_metier!$C:$C,MATCH($A8,Data_metier!$B:$B,0)),{"Non Concerné";"Niveau 1";"Niveau 2";"Niveau 3";"Niveau 4"},0)-1)>(MATCH(INDEX(Data_metier!$C:$C,MATCH(G$1,Data_metier!$B:$B,0)),{"Non Concerné";"Niveau 1";"Niveau 2";"Niveau 3";"Niveau 4"},0)-1), 1/6,0)+IF((MATCH(INDEX(Data_metier!$D:$D,MATCH($A8,Data_metier!$B:$B,0)),{"Non Concerné";"Niveau 1";"Niveau 2";"Niveau 3";"Niveau 4"},0)-1)>(MATCH(INDEX(Data_metier!$D:$D,MATCH(G$1,Data_metier!$B:$B,0)),{"Non Concerné";"Niveau 1";"Niveau 2";"Niveau 3";"Niveau 4"},0)-1), 1/6,0)+IF((MATCH(INDEX(Data_metier!$E:$E,MATCH($A8,Data_metier!$B:$B,0)),{"Non Concerné";"Niveau 1";"Niveau 2";"Niveau 3";"Niveau 4"},0)-1)>(MATCH(INDEX(Data_metier!$E:$E,MATCH(G$1,Data_metier!$B:$B,0)),{"Non Concerné";"Niveau 1";"Niveau 2";"Niveau 3";"Niveau 4"},0)-1), 1/6,0)) -> 0 | H8: =IF(DE_respon_transv!H8=-1,-1, DE_respon_transv!H8+IF((MATCH(INDEX(Data_metier!$C:$C,MATCH($A8,Data_metier!$B:$B,0)),{"Non Concerné";"Niveau 1";"Niveau 2";"Niveau 3";"Niveau 4"},0)-1)>(MATCH(INDEX(Data_metier!$C:$C,MATCH(H$1,Data_metier!$B:$B,0)),{"Non Concerné";"Niveau 1";"Niveau 2";"Niveau 3";"Niveau 4"},0)-1), 1/6,0)+IF((MATCH(INDEX(Data_metier!$D:$D,MATCH($A8,Data_metier!$B:$B,0)),{"Non Concerné";"Niveau 1";"Niveau 2";"Niveau 3";"Niveau 4"},0)-1)>(MATCH(INDEX(Data_metier!$D:$D,MATCH(H$1,Data_metier!$B:$B,0)),{"Non Concerné";"Niveau 1";"Niveau 2";"Niveau 3";"Niveau 4"},0)-1), 1/6,0)+IF((MATCH(INDEX(Data_metier!$E:$E,MATCH($A8,Data_metier!$B:$B,0)),{"Non Concerné";"Niveau 1";"Niveau 2";"Niveau 3";"Niveau 4"},0)-1)>(MATCH(INDEX(Data_metier!$E:$E,MATCH(H$1,Data_metier!$B:$B,0)),{"Non Concerné";"Niveau 1";"Niveau 2";"Niveau 3";"Niveau 4"},0)-1), 1/6,0)) -> 0 | I8: =IF(DE_respon_transv!I8=-1,-1, DE_respon_transv!I8+IF((MATCH(INDEX(Data_metier!$C:$C,MATCH($A8,Data_metier!$B:$B,0)),{"Non Concerné";"Niveau 1";"Niveau 2";"Niveau 3";"Niveau 4"},0)-1)>(MATCH(INDEX(Data_metier!$C:$C,MATCH(I$1,Data_metier!$B:$B,0)),{"Non Concerné";"Niveau 1";"Niveau 2";"Niveau 3";"Niveau 4"},0)-1), 1/6,0)+IF((MATCH(INDEX(Data_metier!$D:$D,MATCH($A8,Data_metier!$B:$B,0)),{"Non Concerné";"Niveau 1";"Niveau 2";"Niveau 3";"Niveau 4"},0)-1)>(MATCH(INDEX(Data_metier!$D:$D,MATCH(I$1,Data_metier!$B:$B,0)),{"Non Concerné";"Niveau 1";"Niveau 2";"Niveau 3";"Niveau 4"},0)-1), 1/6,0)+IF((MATCH(INDEX(Data_metier!$E:$E,MATCH($A8,Data_metier!$B:$B,0)),{"Non Concerné";"Niveau 1";"Niveau 2";"Niveau 3";"Niveau 4"},0)-1)>(MATCH(INDEX(Data_metier!$E:$E,MATCH(I$1,Data_metier!$B:$B,0)),{"Non Concerné";"Niveau 1";"Niveau 2";"Niveau 3";"Niveau 4"},0)-1), 1/6,0)) -> 3 | ... AD8: =IF(DE_respon_transv!AD8=-1,-1, DE_respon_transv!AD8+IF((MATCH(INDEX(Data_metier!$C:$C,MATCH($A8,Data_metier!$B:$B,0)),{"Non Concerné";"Niveau 1";"Niveau 2";"Niveau 3";"Niveau 4"},0)-1)>(MATCH(INDEX(Data_metier!$C:$C,MATCH(AD$1,Data_metier!$B:$B,0)),{"Non Concerné";"Niveau 1";"Niveau 2";"Niveau 3";"Niveau 4"},0)-1), 1/6,0)+IF((MATCH(INDEX(Data_metier!$D:$D,MATCH($A8,Data_metier!$B:$B,0)),{"Non Concerné";"Niveau 1";"Niveau 2";"Niveau 3";"Niveau 4"},0)-1)>(MATCH(INDEX(Data_metier!$D:$D,MATCH(AD$1,Data_metier!$B:$B,0)),{"Non Concerné";"Niveau 1";"Niveau 2";"Niveau 3";"Niveau 4"},0)-1), 1/6,0)+IF((MATCH(INDEX(Data_metier!$E:$E,MATCH($A8,Data_metier!$B:$B,0)),{"Non Concerné";"Niveau 1";"Niveau 2";"Niveau 3";"Niveau 4"},0)-1)>(MATCH(INDEX(Data_metier!$E:$E,MATCH(AD$1,Data_metier!$B:$B,0)),{"Non Concerné";"Niveau 1";"Niveau 2";"Niveau 3";"Niveau 4"},0)-1), 1/6,0)) -> 3
A9: Opérateur(trice) logistique | B9: =IF(DE_respon_transv!B9=-1,-1, DE_respon_transv!B9+IF((MATCH(INDEX(Data_metier!$C:$C,MATCH($A9,Data_metier!$B:$B,0)),{"Non Concerné";"Niveau 1";"Niveau 2";"Niveau 3";"Niveau 4"},0)-1)>(MATCH(INDEX(Data_metier!$C:$C,MATCH(B$1,Data_metier!$B:$B,0)),{"Non Concerné";"Niveau 1";"Niveau 2";"Niveau 3";"Niveau 4"},0)-1), 1/6,0)+IF((MATCH(INDEX(Data_metier!$D:$D,MATCH($A9,Data_metier!$B:$B,0)),{"Non Concerné";"Niveau 1";"Niveau 2";"Niveau 3";"Niveau 4"},0)-1)>(MATCH(INDEX(Data_metier!$D:$D,MATCH(B$1,Data_metier!$B:$B,0)),{"Non Concerné";"Niveau 1";"Niveau 2";"Niveau 3";"Niveau 4"},0)-1), 1/6,0)+IF((MATCH(INDEX(Data_metier!$E:$E,MATCH($A9,Data_metier!$B:$B,0)),{"Non Concerné";"Niveau 1";"Niveau 2";"Niveau 3";"Niveau 4"},0)-1)>(MATCH(INDEX(Data_metier!$E:$E,MATCH(B$1,Data_metier!$B:$B,0)),{"Non Concerné";"Niveau 1";"Niveau 2";"Niveau 3";"Niveau 4"},0)-1), 1/6,0)) -> -1 | C9: =IF(DE_respon_transv!C9=-1,-1, DE_respon_transv!C9+IF((MATCH(INDEX(Data_metier!$C:$C,MATCH($A9,Data_metier!$B:$B,0)),{"Non Concerné";"Niveau 1";"Niveau 2";"Niveau 3";"Niveau 4"},0)-1)>(MATCH(INDEX(Data_metier!$C:$C,MATCH(C$1,Data_metier!$B:$B,0)),{"Non Concerné";"Niveau 1";"Niveau 2";"Niveau 3";"Niveau 4"},0)-1), 1/6,0)+IF((MATCH(INDEX(Data_metier!$D:$D,MATCH($A9,Data_metier!$B:$B,0)),{"Non Concerné";"Niveau 1";"Niveau 2";"Niveau 3";"Niveau 4"},0)-1)>(MATCH(INDEX(Data_metier!$D:$D,MATCH(C$1,Data_metier!$B:$B,0)),{"Non Concerné";"Niveau 1";"Niveau 2";"Niveau 3";"Niveau 4"},0)-1), 1/6,0)+IF((MATCH(INDEX(Data_metier!$E:$E,MATCH($A9,Data_metier!$B:$B,0)),{"Non Concerné";"Niveau 1";"Niveau 2";"Niveau 3";"Niveau 4"},0)-1)>(MATCH(INDEX(Data_metier!$E:$E,MATCH(C$1,Data_metier!$B:$B,0)),{"Non Concerné";"Niveau 1";"Niveau 2";"Niveau 3";"Niveau 4"},0)-1), 1/6,0)) -> -1 | D9: =IF(DE_respon_transv!D9=-1,-1, DE_respon_transv!D9+IF((MATCH(INDEX(Data_metier!$C:$C,MATCH($A9,Data_metier!$B:$B,0)),{"Non Concerné";"Niveau 1";"Niveau 2";"Niveau 3";"Niveau 4"},0)-1)>(MATCH(INDEX(Data_metier!$C:$C,MATCH(D$1,Data_metier!$B:$B,0)),{"Non Concerné";"Niveau 1";"Niveau 2";"Niveau 3";"Niveau 4"},0)-1), 1/6,0)+IF((MATCH(INDEX(Data_metier!$D:$D,MATCH($A9,Data_metier!$B:$B,0)),{"Non Concerné";"Niveau 1";"Niveau 2";"Niveau 3";"Niveau 4"},0)-1)>(MATCH(INDEX(Data_metier!$D:$D,MATCH(D$1,Data_metier!$B:$B,0)),{"Non Concerné";"Niveau 1";"Niveau 2";"Niveau 3";"Niveau 4"},0)-1), 1/6,0)+IF((MATCH(INDEX(Data_metier!$E:$E,MATCH($A9,Data_metier!$B:$B,0)),{"Non Concerné";"Niveau 1";"Niveau 2";"Niveau 3";"Niveau 4"},0)-1)>(MATCH(INDEX(Data_metier!$E:$E,MATCH(D$1,Data_metier!$B:$B,0)),{"Non Concerné";"Niveau 1";"Niveau 2";"Niveau 3";"Niveau 4"},0)-1), 1/6,0)) -> 0 | E9: =IF(DE_respon_transv!E9=-1,-1, DE_respon_transv!E9+IF((MATCH(INDEX(Data_metier!$C:$C,MATCH($A9,Data_metier!$B:$B,0)),{"Non Concerné";"Niveau 1";"Niveau 2";"Niveau 3";"Niveau 4"},0)-1)>(MATCH(INDEX(Data_metier!$C:$C,MATCH(E$1,Data_metier!$B:$B,0)),{"Non Concerné";"Niveau 1";"Niveau 2";"Niveau 3";"Niveau 4"},0)-1), 1/6,0)+IF((MATCH(INDEX(Data_metier!$D:$D,MATCH($A9,Data_metier!$B:$B,0)),{"Non Concerné";"Niveau 1";"Niveau 2";"Niveau 3";"Niveau 4"},0)-1)>(MATCH(INDEX(Data_metier!$D:$D,MATCH(E$1,Data_metier!$B:$B,0)),{"Non Concerné";"Niveau 1";"Niveau 2";"Niveau 3";"Niveau 4"},0)-1), 1/6,0)+IF((MATCH(INDEX(Data_metier!$E:$E,MATCH($A9,Data_metier!$B:$B,0)),{"Non Concerné";"Niveau 1";"Niveau 2";"Niveau 3";"Niveau 4"},0)-1)>(MATCH(INDEX(Data_metier!$E:$E,MATCH(E$1,Data_metier!$B:$B,0)),{"Non Concerné";"Niveau 1";"Niveau 2";"Niveau 3";"Niveau 4"},0)-1), 1/6,0)) -> -1 | F9: =IF(DE_respon_transv!F9=-1,-1, DE_respon_transv!F9+IF((MATCH(INDEX(Data_metier!$C:$C,MATCH($A9,Data_metier!$B:$B,0)),{"Non Concerné";"Niveau 1";"Niveau 2";"Niveau 3";"Niveau 4"},0)-1)>(MATCH(INDEX(Data_metier!$C:$C,MATCH(F$1,Data_metier!$B:$B,0)),{"Non Concerné";"Niveau 1";"Niveau 2";"Niveau 3";"Niveau 4"},0)-1), 1/6,0)+IF((MATCH(INDEX(Data_metier!$D:$D,MATCH($A9,Data_metier!$B:$B,0)),{"Non Concerné";"Niveau 1";"Niveau 2";"Niveau 3";"Niveau 4"},0)-1)>(MATCH(INDEX(Data_metier!$D:$D,MATCH(F$1,Data_metier!$B:$B,0)),{"Non Concerné";"Niveau 1";"Niveau 2";"Niveau 3";"Niveau 4"},0)-1), 1/6,0)+IF((MATCH(INDEX(Data_metier!$E:$E,MATCH($A9,Data_metier!$B:$B,0)),{"Non Concerné";"Niveau 1";"Niveau 2";"Niveau 3";"Niveau 4"},0)-1)>(MATCH(INDEX(Data_metier!$E:$E,MATCH(F$1,Data_metier!$B:$B,0)),{"Non Concerné";"Niveau 1";"Niveau 2";"Niveau 3";"Niveau 4"},0)-1), 1/6,0)) -> -1 | G9: =IF(DE_respon_transv!G9=-1,-1, DE_respon_transv!G9+IF((MATCH(INDEX(Data_metier!$C:$C,MATCH($A9,Data_metier!$B:$B,0)),{"Non Concerné";"Niveau 1";"Niveau 2";"Niveau 3";"Niveau 4"},0)-1)>(MATCH(INDEX(Data_metier!$C:$C,MATCH(G$1,Data_metier!$B:$B,0)),{"Non Concerné";"Niveau 1";"Niveau 2";"Niveau 3";"Niveau 4"},0)-1), 1/6,0)+IF((MATCH(INDEX(Data_metier!$D:$D,MATCH($A9,Data_metier!$B:$B,0)),{"Non Concerné";"Niveau 1";"Niveau 2";"Niveau 3";"Niveau 4"},0)-1)>(MATCH(INDEX(Data_metier!$D:$D,MATCH(G$1,Data_metier!$B:$B,0)),{"Non Concerné";"Niveau 1";"Niveau 2";"Niveau 3";"Niveau 4"},0)-1), 1/6,0)+IF((MATCH(INDEX(Data_metier!$E:$E,MATCH($A9,Data_metier!$B:$B,0)),{"Non Concerné";"Niveau 1";"Niveau 2";"Niveau 3";"Niveau 4"},0)-1)>(MATCH(INDEX(Data_metier!$E:$E,MATCH(G$1,Data_metier!$B:$B,0)),{"Non Concerné";"Niveau 1";"Niveau 2";"Niveau 3";"Niveau 4"},0)-1), 1/6,0)) -> -1 | H9: =IF(DE_respon_transv!H9=-1,-1, DE_respon_transv!H9+IF((MATCH(INDEX(Data_metier!$C:$C,MATCH($A9,Data_metier!$B:$B,0)),{"Non Concerné";"Niveau 1";"Niveau 2";"Niveau 3";"Niveau 4"},0)-1)>(MATCH(INDEX(Data_metier!$C:$C,MATCH(H$1,Data_metier!$B:$B,0)),{"Non Concerné";"Niveau 1";"Niveau 2";"Niveau 3";"Niveau 4"},0)-1), 1/6,0)+IF((MATCH(INDEX(Data_metier!$D:$D,MATCH($A9,Data_metier!$B:$B,0)),{"Non Concerné";"Niveau 1";"Niveau 2";"Niveau 3";"Niveau 4"},0)-1)>(MATCH(INDEX(Data_metier!$D:$D,MATCH(H$1,Data_metier!$B:$B,0)),{"Non Concerné";"Niveau 1";"Niveau 2";"Niveau 3";"Niveau 4"},0)-1), 1/6,0)+IF((MATCH(INDEX(Data_metier!$E:$E,MATCH($A9,Data_metier!$B:$B,0)),{"Non Concerné";"Niveau 1";"Niveau 2";"Niveau 3";"Niveau 4"},0)-1)>(MATCH(INDEX(Data_metier!$E:$E,MATCH(H$1,Data_metier!$B:$B,0)),{"Non Concerné";"Niveau 1";"Niveau 2";"Niveau 3";"Niveau 4"},0)-1), 1/6,0)) -> -1 | I9: =IF(DE_respon_transv!I9=-1,-1, DE_respon_transv!I9+IF((MATCH(INDEX(Data_metier!$C:$C,MATCH($A9,Data_metier!$B:$B,0)),{"Non Concerné";"Niveau 1";"Niveau 2";"Niveau 3";"Niveau 4"},0)-1)>(MATCH(INDEX(Data_metier!$C:$C,MATCH(I$1,Data_metier!$B:$B,0)),{"Non Concerné";"Niveau 1";"Niveau 2";"Niveau 3";"Niveau 4"},0)-1), 1/6,0)+IF((MATCH(INDEX(Data_metier!$D:$D,MATCH($A9,Data_metier!$B:$B,0)),{"Non Concerné";"Niveau 1";"Niveau 2";"Niveau 3";"Niveau 4"},0)-1)>(MATCH(INDEX(Data_metier!$D:$D,MATCH(I$1,Data_metier!$B:$B,0)),{"Non Concerné";"Niveau 1";"Niveau 2";"Niveau 3";"Niveau 4"},0)-1), 1/6,0)+IF((MATCH(INDEX(Data_metier!$E:$E,MATCH($A9,Data_metier!$B:$B,0)),{"Non Concerné";"Niveau 1";"Niveau 2";"Niveau 3";"Niveau 4"},0)-1)>(MATCH(INDEX(Data_metier!$E:$E,MATCH(I$1,Data_metier!$B:$B,0)),{"Non Concerné";"Niveau 1";"Niveau 2";"Niveau 3";"Niveau 4"},0)-1), 1/6,0)) -> 0 | ... AD9: =IF(DE_respon_transv!AD9=-1,-1, DE_respon_transv!AD9+IF((MATCH(INDEX(Data_metier!$C:$C,MATCH($A9,Data_metier!$B:$B,0)),{"Non Concerné";"Niveau 1";"Niveau 2";"Niveau 3";"Niveau 4"},0)-1)>(MATCH(INDEX(Data_metier!$C:$C,MATCH(AD$1,Data_metier!$B:$B,0)),{"Non Concerné";"Niveau 1";"Niveau 2";"Niveau 3";"Niveau 4"},0)-1), 1/6,0)+IF((MATCH(INDEX(Data_metier!$D:$D,MATCH($A9,Data_metier!$B:$B,0)),{"Non Concerné";"Niveau 1";"Niveau 2";"Niveau 3";"Niveau 4"},0)-1)>(MATCH(INDEX(Data_metier!$D:$D,MATCH(AD$1,Data_metier!$B:$B,0)),{"Non Concerné";"Niveau 1";"Niveau 2";"Niveau 3";"Niveau 4"},0)-1), 1/6,0)+IF((MATCH(INDEX(Data_metier!$E:$E,MATCH($A9,Data_metier!$B:$B,0)),{"Non Concerné";"Niveau 1";"Niveau 2";"Niveau 3";"Niveau 4"},0)-1)>(MATCH(INDEX(Data_metier!$E:$E,MATCH(AD$1,Data_metier!$B:$B,0)),{"Non Concerné";"Niveau 1";"Niveau 2";"Niveau 3";"Niveau 4"},0)-1), 1/6,0)) -> -1
A10: Logisticien(ne) approvisionneur(se) | B10: =IF(DE_respon_transv!B10=-1,-1, DE_respon_transv!B10+IF((MATCH(INDEX(Data_metier!$C:$C,MATCH($A10,Data_metier!$B:$B,0)),{"Non Concerné";"Niveau 1";"Niveau 2";"Niveau 3";"Niveau 4"},0)-1)>(MATCH(INDEX(Data_metier!$C:$C,MATCH(B$1,Data_metier!$B:$B,0)),{"Non Concerné";"Niveau 1";"Niveau 2";"Niveau 3";"Niveau 4"},0)-1), 1/6,0)+IF((MATCH(INDEX(Data_metier!$D:$D,MATCH($A10,Data_metier!$B:$B,0)),{"Non Concerné";"Niveau 1";"Niveau 2";"Niveau 3";"Niveau 4"},0)-1)>(MATCH(INDEX(Data_metier!$D:$D,MATCH(B$1,Data_metier!$B:$B,0)),{"Non Concerné";"Niveau 1";"Niveau 2";"Niveau 3";"Niveau 4"},0)-1), 1/6,0)+IF((MATCH(INDEX(Data_metier!$E:$E,MATCH($A10,Data_metier!$B:$B,0)),{"Non Concerné";"Niveau 1";"Niveau 2";"Niveau 3";"Niveau 4"},0)-1)>(MATCH(INDEX(Data_metier!$E:$E,MATCH(B$1,Data_metier!$B:$B,0)),{"Non Concerné";"Niveau 1";"Niveau 2";"Niveau 3";"Niveau 4"},0)-1), 1/6,0)) -> 2.5 | C10: =IF(DE_respon_transv!C10=-1,-1, DE_respon_transv!C10+IF((MATCH(INDEX(Data_metier!$C:$C,MATCH($A10,Data_metier!$B:$B,0)),{"Non Concerné";"Niveau 1";"Niveau 2";"Niveau 3";"Niveau 4"},0)-1)>(MATCH(INDEX(Data_metier!$C:$C,MATCH(C$1,Data_metier!$B:$B,0)),{"Non Concerné";"Niveau 1";"Niveau 2";"Niveau 3";"Niveau 4"},0)-1), 1/6,0)+IF((MATCH(INDEX(Data_metier!$D:$D,MATCH($A10,Data_metier!$B:$B,0)),{"Non Concerné";"Niveau 1";"Niveau 2";"Niveau 3";"Niveau 4"},0)-1)>(MATCH(INDEX(Data_metier!$D:$D,MATCH(C$1,Data_metier!$B:$B,0)),{"Non Concerné";"Niveau 1";"Niveau 2";"Niveau 3";"Niveau 4"},0)-1), 1/6,0)+IF((MATCH(INDEX(Data_metier!$E:$E,MATCH($A10,Data_metier!$B:$B,0)),{"Non Concerné";"Niveau 1";"Niveau 2";"Niveau 3";"Niveau 4"},0)-1)>(MATCH(INDEX(Data_metier!$E:$E,MATCH(C$1,Data_metier!$B:$B,0)),{"Non Concerné";"Niveau 1";"Niveau 2";"Niveau 3";"Niveau 4"},0)-1), 1/6,0)) -> 2.3333333 | D10: =IF(DE_respon_transv!D10=-1,-1, DE_respon_transv!D10+IF((MATCH(INDEX(Data_metier!$C:$C,MATCH($A10,Data_metier!$B:$B,0)),{"Non Concerné";"Niveau 1";"Niveau 2";"Niveau 3";"Niveau 4"},0)-1)>(MATCH(INDEX(Data_metier!$C:$C,MATCH(D$1,Data_metier!$B:$B,0)),{"Non Concerné";"Niveau 1";"Niveau 2";"Niveau 3";"Niveau 4"},0)-1), 1/6,0)+IF((MATCH(INDEX(Data_metier!$D:$D,MATCH($A10,Data_metier!$B:$B,0)),{"Non Concerné";"Niveau 1";"Niveau 2";"Niveau 3";"Niveau 4"},0)-1)>(MATCH(INDEX(Data_metier!$D:$D,MATCH(D$1,Data_metier!$B:$B,0)),{"Non Concerné";"Niveau 1";"Niveau 2";"Niveau 3";"Niveau 4"},0)-1), 1/6,0)+IF((MATCH(INDEX(Data_metier!$E:$E,MATCH($A10,Data_metier!$B:$B,0)),{"Non Concerné";"Niveau 1";"Niveau 2";"Niveau 3";"Niveau 4"},0)-1)>(MATCH(INDEX(Data_metier!$E:$E,MATCH(D$1,Data_metier!$B:$B,0)),{"Non Concerné";"Niveau 1";"Niveau 2";"Niveau 3";"Niveau 4"},0)-1), 1/6,0)) -> 2.5 | E10: =IF(DE_respon_transv!E10=-1,-1, DE_respon_transv!E10+IF((MATCH(INDEX(Data_metier!$C:$C,MATCH($A10,Data_metier!$B:$B,0)),{"Non Concerné";"Niveau 1";"Niveau 2";"Niveau 3";"Niveau 4"},0)-1)>(MATCH(INDEX(Data_metier!$C:$C,MATCH(E$1,Data_metier!$B:$B,0)),{"Non Concerné";"Niveau 1";"Niveau 2";"Niveau 3";"Niveau 4"},0)-1), 1/6,0)+IF((MATCH(INDEX(Data_metier!$D:$D,MATCH($A10,Data_metier!$B:$B,0)),{"Non Concerné";"Niveau 1";"Niveau 2";"Niveau 3";"Niveau 4"},0)-1)>(MATCH(INDEX(Data_metier!$D:$D,MATCH(E$1,Data_metier!$B:$B,0)),{"Non Concerné";"Niveau 1";"Niveau 2";"Niveau 3";"Niveau 4"},0)-1), 1/6,0)+IF((MATCH(INDEX(Data_metier!$E:$E,MATCH($A10,Data_metier!$B:$B,0)),{"Non Concerné";"Niveau 1";"Niveau 2";"Niveau 3";"Niveau 4"},0)-1)>(MATCH(INDEX(Data_metier!$E:$E,MATCH(E$1,Data_metier!$B:$B,0)),{"Non Concerné";"Niveau 1";"Niveau 2";"Niveau 3";"Niveau 4"},0)-1), 1/6,0)) -> 0 | F10: =IF(DE_respon_transv!F10=-1,-1, DE_respon_transv!F10+IF((MATCH(INDEX(Data_metier!$C:$C,MATCH($A10,Data_metier!$B:$B,0)),{"Non Concerné";"Niveau 1";"Niveau 2";"Niveau 3";"Niveau 4"},0)-1)>(MATCH(INDEX(Data_metier!$C:$C,MATCH(F$1,Data_metier!$B:$B,0)),{"Non Concerné";"Niveau 1";"Niveau 2";"Niveau 3";"Niveau 4"},0)-1), 1/6,0)+IF((MATCH(INDEX(Data_metier!$D:$D,MATCH($A10,Data_metier!$B:$B,0)),{"Non Concerné";"Niveau 1";"Niveau 2";"Niveau 3";"Niveau 4"},0)-1)>(MATCH(INDEX(Data_metier!$D:$D,MATCH(F$1,Data_metier!$B:$B,0)),{"Non Concerné";"Niveau 1";"Niveau 2";"Niveau 3";"Niveau 4"},0)-1), 1/6,0)+IF((MATCH(INDEX(Data_metier!$E:$E,MATCH($A10,Data_metier!$B:$B,0)),{"Non Concerné";"Niveau 1";"Niveau 2";"Niveau 3";"Niveau 4"},0)-1)>(MATCH(INDEX(Data_metier!$E:$E,MATCH(F$1,Data_metier!$B:$B,0)),{"Non Concerné";"Niveau 1";"Niveau 2";"Niveau 3";"Niveau 4"},0)-1), 1/6,0)) -> -1 | G10: =IF(DE_respon_transv!G10=-1,-1, DE_respon_transv!G10+IF((MATCH(INDEX(Data_metier!$C:$C,MATCH($A10,Data_metier!$B:$B,0)),{"Non Concerné";"Niveau 1";"Niveau 2";"Niveau 3";"Niveau 4"},0)-1)>(MATCH(INDEX(Data_metier!$C:$C,MATCH(G$1,Data_metier!$B:$B,0)),{"Non Concerné";"Niveau 1";"Niveau 2";"Niveau 3";"Niveau 4"},0)-1), 1/6,0)+IF((MATCH(INDEX(Data_metier!$D:$D,MATCH($A10,Data_metier!$B:$B,0)),{"Non Concerné";"Niveau 1";"Niveau 2";"Niveau 3";"Niveau 4"},0)-1)>(MATCH(INDEX(Data_metier!$D:$D,MATCH(G$1,Data_metier!$B:$B,0)),{"Non Concerné";"Niveau 1";"Niveau 2";"Niveau 3";"Niveau 4"},0)-1), 1/6,0)+IF((MATCH(INDEX(Data_metier!$E:$E,MATCH($A10,Data_metier!$B:$B,0)),{"Non Concerné";"Niveau 1";"Niveau 2";"Niveau 3";"Niveau 4"},0)-1)>(MATCH(INDEX(Data_metier!$E:$E,MATCH(G$1,Data_metier!$B:$B,0)),{"Non Concerné";"Niveau 1";"Niveau 2";"Niveau 3";"Niveau 4"},0)-1), 1/6,0)) -> -1 | H10: =IF(DE_respon_transv!H10=-1,-1, DE_respon_transv!H10+IF((MATCH(INDEX(Data_metier!$C:$C,MATCH($A10,Data_metier!$B:$B,0)),{"Non Concerné";"Niveau 1";"Niveau 2";"Niveau 3";"Niveau 4"},0)-1)>(MATCH(INDEX(Data_metier!$C:$C,MATCH(H$1,Data_metier!$B:$B,0)),{"Non Concerné";"Niveau 1";"Niveau 2";"Niveau 3";"Niveau 4"},0)-1), 1/6,0)+IF((MATCH(INDEX(Data_metier!$D:$D,MATCH($A10,Data_metier!$B:$B,0)),{"Non Concerné";"Niveau 1";"Niveau 2";"Niveau 3";"Niveau 4"},0)-1)>(MATCH(INDEX(Data_metier!$D:$D,MATCH(H$1,Data_metier!$B:$B,0)),{"Non Concerné";"Niveau 1";"Niveau 2";"Niveau 3";"Niveau 4"},0)-1), 1/6,0)+IF((MATCH(INDEX(Data_metier!$E:$E,MATCH($A10,Data_metier!$B:$B,0)),{"Non Concerné";"Niveau 1";"Niveau 2";"Niveau 3";"Niveau 4"},0)-1)>(MATCH(INDEX(Data_metier!$E:$E,MATCH(H$1,Data_metier!$B:$B,0)),{"Non Concerné";"Niveau 1";"Niveau 2";"Niveau 3";"Niveau 4"},0)-1), 1/6,0)) -> -1 | I10: =IF(DE_respon_transv!I10=-1,-1, DE_respon_transv!I10+IF((MATCH(INDEX(Data_metier!$C:$C,MATCH($A10,Data_metier!$B:$B,0)),{"Non Concerné";"Niveau 1";"Niveau 2";"Niveau 3";"Niveau 4"},0)-1)>(MATCH(INDEX(Data_metier!$C:$C,MATCH(I$1,Data_metier!$B:$B,0)),{"Non Concerné";"Niveau 1";"Niveau 2";"Niveau 3";"Niveau 4"},0)-1), 1/6,0)+IF((MATCH(INDEX(Data_metier!$D:$D,MATCH($A10,Data_metier!$B:$B,0)),{"Non Concerné";"Niveau 1";"Niveau 2";"Niveau 3";"Niveau 4"},0)-1)>(MATCH(INDEX(Data_metier!$D:$D,MATCH(I$1,Data_metier!$B:$B,0)),{"Non Concerné";"Niveau 1";"Niveau 2";"Niveau 3";"Niveau 4"},0)-1), 1/6,0)+IF((MATCH(INDEX(Data_metier!$E:$E,MATCH($A10,Data_metier!$B:$B,0)),{"Non Concerné";"Niveau 1";"Niveau 2";"Niveau 3";"Niveau 4"},0)-1)>(MATCH(INDEX(Data_metier!$E:$E,MATCH(I$1,Data_metier!$B:$B,0)),{"Non Concerné";"Niveau 1";"Niveau 2";"Niveau 3";"Niveau 4"},0)-1), 1/6,0)) -> 2.5 | ... AD10: =IF(DE_respon_transv!AD10=-1,-1, DE_respon_transv!AD10+IF((MATCH(INDEX(Data_metier!$C:$C,MATCH($A10,Data_metier!$B:$B,0)),{"Non Concerné";"Niveau 1";"Niveau 2";"Niveau 3";"Niveau 4"},0)-1)>(MATCH(INDEX(Data_metier!$C:$C,MATCH(AD$1,Data_metier!$B:$B,0)),{"Non Concerné";"Niveau 1";"Niveau 2";"Niveau 3";"Niveau 4"},0)-1), 1/6,0)+IF((MATCH(INDEX(Data_metier!$D:$D,MATCH($A10,Data_metier!$B:$B,0)),{"Non Concerné";"Niveau 1";"Niveau 2";"Niveau 3";"Niveau 4"},0)-1)>(MATCH(INDEX(Data_metier!$D:$D,MATCH(AD$1,Data_metier!$B:$B,0)),{"Non Concerné";"Niveau 1";"Niveau 2";"Niveau 3";"Niveau 4"},0)-1), 1/6,0)+IF((MATCH(INDEX(Data_metier!$E:$E,MATCH($A10,Data_metier!$B:$B,0)),{"Non Concerné";"Niveau 1";"Niveau 2";"Niveau 3";"Niveau 4"},0)-1)>(MATCH(INDEX(Data_metier!$E:$E,MATCH(AD$1,Data_metier!$B:$B,0)),{"Non Concerné";"Niveau 1";"Niveau 2";"Niveau 3";"Niveau 4"},0)-1), 1/6,0)) -> 1.3333333
A11: Responsable de production de produits alimentaires (fabrication / conditionnement) | B11: =IF(DE_respon_transv!B11=-1,-1, DE_respon_transv!B11+IF((MATCH(INDEX(Data_metier!$C:$C,MATCH($A11,Data_metier!$B:$B,0)),{"Non Concerné";"Niveau 1";"Niveau 2";"Niveau 3";"Niveau 4"},0)-1)>(MATCH(INDEX(Data_metier!$C:$C,MATCH(B$1,Data_metier!$B:$B,0)),{"Non Concerné";"Niveau 1";"Niveau 2";"Niveau 3";"Niveau 4"},0)-1), 1/6,0)+IF((MATCH(INDEX(Data_metier!$D:$D,MATCH($A11,Data_metier!$B:$B,0)),{"Non Concerné";"Niveau 1";"Niveau 2";"Niveau 3";"Niveau 4"},0)-1)>(MATCH(INDEX(Data_metier!$D:$D,MATCH(B$1,Data_metier!$B:$B,0)),{"Non Concerné";"Niveau 1";"Niveau 2";"Niveau 3";"Niveau 4"},0)-1), 1/6,0)+IF((MATCH(INDEX(Data_metier!$E:$E,MATCH($A11,Data_metier!$B:$B,0)),{"Non Concerné";"Niveau 1";"Niveau 2";"Niveau 3";"Niveau 4"},0)-1)>(MATCH(INDEX(Data_metier!$E:$E,MATCH(B$1,Data_metier!$B:$B,0)),{"Non Concerné";"Niveau 1";"Niveau 2";"Niveau 3";"Niveau 4"},0)-1), 1/6,0)) -> 3 | C11: =IF(DE_respon_transv!C11=-1,-1, DE_respon_transv!C11+IF((MATCH(INDEX(Data_metier!$C:$C,MATCH($A11,Data_metier!$B:$B,0)),{"Non Concerné";"Niveau 1";"Niveau 2";"Niveau 3";"Niveau 4"},0)-1)>(MATCH(INDEX(Data_metier!$C:$C,MATCH(C$1,Data_metier!$B:$B,0)),{"Non Concerné";"Niveau 1";"Niveau 2";"Niveau 3";"Niveau 4"},0)-1), 1/6,0)+IF((MATCH(INDEX(Data_metier!$D:$D,MATCH($A11,Data_metier!$B:$B,0)),{"Non Concerné";"Niveau 1";"Niveau 2";"Niveau 3";"Niveau 4"},0)-1)>(MATCH(INDEX(Data_metier!$D:$D,MATCH(C$1,Data_metier!$B:$B,0)),{"Non Concerné";"Niveau 1";"Niveau 2";"Niveau 3";"Niveau 4"},0)-1), 1/6,0)+IF((MATCH(INDEX(Data_metier!$E:$E,MATCH($A11,Data_metier!$B:$B,0)),{"Non Concerné";"Niveau 1";"Niveau 2";"Niveau 3";"Niveau 4"},0)-1)>(MATCH(INDEX(Data_metier!$E:$E,MATCH(C$1,Data_metier!$B:$B,0)),{"Non Concerné";"Niveau 1";"Niveau 2";"Niveau 3";"Niveau 4"},0)-1), 1/6,0)) -> 3 | D11: =IF(DE_respon_transv!D11=-1,-1, DE_respon_transv!D11+IF((MATCH(INDEX(Data_metier!$C:$C,MATCH($A11,Data_metier!$B:$B,0)),{"Non Concerné";"Niveau 1";"Niveau 2";"Niveau 3";"Niveau 4"},0)-1)>(MATCH(INDEX(Data_metier!$C:$C,MATCH(D$1,Data_metier!$B:$B,0)),{"Non Concerné";"Niveau 1";"Niveau 2";"Niveau 3";"Niveau 4"},0)-1), 1/6,0)+IF((MATCH(INDEX(Data_metier!$D:$D,MATCH($A11,Data_metier!$B:$B,0)),{"Non Concerné";"Niveau 1";"Niveau 2";"Niveau 3";"Niveau 4"},0)-1)>(MATCH(INDEX(Data_metier!$D:$D,MATCH(D$1,Data_metier!$B:$B,0)),{"Non Concerné";"Niveau 1";"Niveau 2";"Niveau 3";"Niveau 4"},0)-1), 1/6,0)+IF((MATCH(INDEX(Data_metier!$E:$E,MATCH($A11,Data_metier!$B:$B,0)),{"Non Concerné";"Niveau 1";"Niveau 2";"Niveau 3";"Niveau 4"},0)-1)>(MATCH(INDEX(Data_metier!$E:$E,MATCH(D$1,Data_metier!$B:$B,0)),{"Non Concerné";"Niveau 1";"Niveau 2";"Niveau 3";"Niveau 4"},0)-1), 1/6,0)) -> 3 | E11: =IF(DE_respon_transv!E11=-1,-1, DE_respon_transv!E11+IF((MATCH(INDEX(Data_metier!$C:$C,MATCH($A11,Data_metier!$B:$B,0)),{"Non Concerné";"Niveau 1";"Niveau 2";"Niveau 3";"Niveau 4"},0)-1)>(MATCH(INDEX(Data_metier!$C:$C,MATCH(E$1,Data_metier!$B:$B,0)),{"Non Concerné";"Niveau 1";"Niveau 2";"Niveau 3";"Niveau 4"},0)-1), 1/6,0)+IF((MATCH(INDEX(Data_metier!$D:$D,MATCH($A11,Data_metier!$B:$B,0)),{"Non Concerné";"Niveau 1";"Niveau 2";"Niveau 3";"Niveau 4"},0)-1)>(MATCH(INDEX(Data_metier!$D:$D,MATCH(E$1,Data_metier!$B:$B,0)),{"Non Concerné";"Niveau 1";"Niveau 2";"Niveau 3";"Niveau 4"},0)-1), 1/6,0)+IF((MATCH(INDEX(Data_metier!$E:$E,MATCH($A11,Data_metier!$B:$B,0)),{"Non Concerné";"Niveau 1";"Niveau 2";"Niveau 3";"Niveau 4"},0)-1)>(MATCH(INDEX(Data_metier!$E:$E,MATCH(E$1,Data_metier!$B:$B,0)),{"Non Concerné";"Niveau 1";"Niveau 2";"Niveau 3";"Niveau 4"},0)-1), 1/6,0)) -> 2.5 | F11: =IF(DE_respon_transv!F11=-1,-1, DE_respon_transv!F11+IF((MATCH(INDEX(Data_metier!$C:$C,MATCH($A11,Data_metier!$B:$B,0)),{"Non Concerné";"Niveau 1";"Niveau 2";"Niveau 3";"Niveau 4"},0)-1)>(MATCH(INDEX(Data_metier!$C:$C,MATCH(F$1,Data_metier!$B:$B,0)),{"Non Concerné";"Niveau 1";"Niveau 2";"Niveau 3";"Niveau 4"},0)-1), 1/6,0)+IF((MATCH(INDEX(Data_metier!$D:$D,MATCH($A11,Data_metier!$B:$B,0)),{"Non Concerné";"Niveau 1";"Niveau 2";"Niveau 3";"Niveau 4"},0)-1)>(MATCH(INDEX(Data_metier!$D:$D,MATCH(F$1,Data_metier!$B:$B,0)),{"Non Concerné";"Niveau 1";"Niveau 2";"Niveau 3";"Niveau 4"},0)-1), 1/6,0)+IF((MATCH(INDEX(Data_metier!$E:$E,MATCH($A11,Data_metier!$B:$B,0)),{"Non Concerné";"Niveau 1";"Niveau 2";"Niveau 3";"Niveau 4"},0)-1)>(MATCH(INDEX(Data_metier!$E:$E,MATCH(F$1,Data_metier!$B:$B,0)),{"Non Concerné";"Niveau 1";"Niveau 2";"Niveau 3";"Niveau 4"},0)-1), 1/6,0)) -> 2 | G11: =IF(DE_respon_transv!G11=-1,-1, DE_respon_transv!G11+IF((MATCH(INDEX(Data_metier!$C:$C,MATCH($A11,Data_metier!$B:$B,0)),{"Non Concerné";"Niveau 1";"Niveau 2";"Niveau 3";"Niveau 4"},0)-1)>(MATCH(INDEX(Data_metier!$C:$C,MATCH(G$1,Data_metier!$B:$B,0)),{"Non Concerné";"Niveau 1";"Niveau 2";"Niveau 3";"Niveau 4"},0)-1), 1/6,0)+IF((MATCH(INDEX(Data_metier!$D:$D,MATCH($A11,Data_metier!$B:$B,0)),{"Non Concerné";"Niveau 1";"Niveau 2";"Niveau 3";"Niveau 4"},0)-1)>(MATCH(INDEX(Data_metier!$D:$D,MATCH(G$1,Data_metier!$B:$B,0)),{"Non Concerné";"Niveau 1";"Niveau 2";"Niveau 3";"Niveau 4"},0)-1), 1/6,0)+IF((MATCH(INDEX(Data_metier!$E:$E,MATCH($A11,Data_metier!$B:$B,0)),{"Non Concerné";"Niveau 1";"Niveau 2";"Niveau 3";"Niveau 4"},0)-1)>(MATCH(INDEX(Data_metier!$E:$E,MATCH(G$1,Data_metier!$B:$B,0)),{"Non Concerné";"Niveau 1";"Niveau 2";"Niveau 3";"Niveau 4"},0)-1), 1/6,0)) -> 1.5 | H11: =IF(DE_respon_transv!H11=-1,-1, DE_respon_transv!H11+IF((MATCH(INDEX(Data_metier!$C:$C,MATCH($A11,Data_metier!$B:$B,0)),{"Non Concerné";"Niveau 1";"Niveau 2";"Niveau 3";"Niveau 4"},0)-1)>(MATCH(INDEX(Data_metier!$C:$C,MATCH(H$1,Data_metier!$B:$B,0)),{"Non Concerné";"Niveau 1";"Niveau 2";"Niveau 3";"Niveau 4"},0)-1), 1/6,0)+IF((MATCH(INDEX(Data_metier!$D:$D,MATCH($A11,Data_metier!$B:$B,0)),{"Non Concerné";"Niveau 1";"Niveau 2";"Niveau 3";"Niveau 4"},0)-1)>(MATCH(INDEX(Data_metier!$D:$D,MATCH(H$1,Data_metier!$B:$B,0)),{"Non Concerné";"Niveau 1";"Niveau 2";"Niveau 3";"Niveau 4"},0)-1), 1/6,0)+IF((MATCH(INDEX(Data_metier!$E:$E,MATCH($A11,Data_metier!$B:$B,0)),{"Non Concerné";"Niveau 1";"Niveau 2";"Niveau 3";"Niveau 4"},0)-1)>(MATCH(INDEX(Data_metier!$E:$E,MATCH(H$1,Data_metier!$B:$B,0)),{"Non Concerné";"Niveau 1";"Niveau 2";"Niveau 3";"Niveau 4"},0)-1), 1/6,0)) -> 1.5 | I11: =IF(DE_respon_transv!I11=-1,-1, DE_respon_transv!I11+IF((MATCH(INDEX(Data_metier!$C:$C,MATCH($A11,Data_metier!$B:$B,0)),{"Non Concerné";"Niveau 1";"Niveau 2";"Niveau 3";"Niveau 4"},0)-1)>(MATCH(INDEX(Data_metier!$C:$C,MATCH(I$1,Data_metier!$B:$B,0)),{"Non Concerné";"Niveau 1";"Niveau 2";"Niveau 3";"Niveau 4"},0)-1), 1/6,0)+IF((MATCH(INDEX(Data_metier!$D:$D,MATCH($A11,Data_metier!$B:$B,0)),{"Non Concerné";"Niveau 1";"Niveau 2";"Niveau 3";"Niveau 4"},0)-1)>(MATCH(INDEX(Data_metier!$D:$D,MATCH(I$1,Data_metier!$B:$B,0)),{"Non Concerné";"Niveau 1";"Niveau 2";"Niveau 3";"Niveau 4"},0)-1), 1/6,0)+IF((MATCH(INDEX(Data_metier!$E:$E,MATCH($A11,Data_metier!$B:$B,0)),{"Non Concerné";"Niveau 1";"Niveau 2";"Niveau 3";"Niveau 4"},0)-1)>(MATCH(INDEX(Data_metier!$E:$E,MATCH(I$1,Data_metier!$B:$B,0)),{"Non Concerné";"Niveau 1";"Niveau 2";"Niveau 3";"Niveau 4"},0)-1), 1/6,0)) -> 3 | ... AD11: =IF(DE_respon_transv!AD11=-1,-1, DE_respon_transv!AD11+IF((MATCH(INDEX(Data_metier!$C:$C,MATCH($A11,Data_metier!$B:$B,0)),{"Non Concerné";"Niveau 1";"Niveau 2";"Niveau 3";"Niveau 4"},0)-1)>(MATCH(INDEX(Data_metier!$C:$C,MATCH(AD$1,Data_metier!$B:$B,0)),{"Non Concerné";"Niveau 1";"Niveau 2";"Niveau 3";"Niveau 4"},0)-1), 1/6,0)+IF((MATCH(INDEX(Data_metier!$D:$D,MATCH($A11,Data_metier!$B:$B,0)),{"Non Concerné";"Niveau 1";"Niveau 2";"Niveau 3";"Niveau 4"},0)-1)>(MATCH(INDEX(Data_metier!$D:$D,MATCH(AD$1,Data_metier!$B:$B,0)),{"Non Concerné";"Niveau 1";"Niveau 2";"Niveau 3";"Niveau 4"},0)-1), 1/6,0)+IF((MATCH(INDEX(Data_metier!$E:$E,MATCH($A11,Data_metier!$B:$B,0)),{"Non Concerné";"Niveau 1";"Niveau 2";"Niveau 3";"Niveau 4"},0)-1)>(MATCH(INDEX(Data_metier!$E:$E,MATCH(AD$1,Data_metier!$B:$B,0)),{"Non Concerné";"Niveau 1";"Niveau 2";"Niveau 3";"Niveau 4"},0)-1), 1/6,0)) -> 3
A12: Chauffeur(se) livreur(se) | B12: =IF(DE_respon_transv!B12=-1,-1, DE_respon_transv!B12+IF((MATCH(INDEX(Data_metier!$C:$C,MATCH($A12,Data_metier!$B:$B,0)),{"Non Concerné";"Niveau 1";"Niveau 2";"Niveau 3";"Niveau 4"},0)-1)>(MATCH(INDEX(Data_metier!$C:$C,MATCH(B$1,Data_metier!$B:$B,0)),{"Non Concerné";"Niveau 1";"Niveau 2";"Niveau 3";"Niveau 4"},0)-1), 1/6,0)+IF((MATCH(INDEX(Data_metier!$D:$D,MATCH($A12,Data_metier!$B:$B,0)),{"Non Concerné";"Niveau 1";"Niveau 2";"Niveau 3";"Niveau 4"},0)-1)>(MATCH(INDEX(Data_metier!$D:$D,MATCH(B$1,Data_metier!$B:$B,0)),{"Non Concerné";"Niveau 1";"Niveau 2";"Niveau 3";"Niveau 4"},0)-1), 1/6,0)+IF((MATCH(INDEX(Data_metier!$E:$E,MATCH($A12,Data_metier!$B:$B,0)),{"Non Concerné";"Niveau 1";"Niveau 2";"Niveau 3";"Niveau 4"},0)-1)>(MATCH(INDEX(Data_metier!$E:$E,MATCH(B$1,Data_metier!$B:$B,0)),{"Non Concerné";"Niveau 1";"Niveau 2";"Niveau 3";"Niveau 4"},0)-1), 1/6,0)) -> -1 | C12: =IF(DE_respon_transv!C12=-1,-1, DE_respon_transv!C12+IF((MATCH(INDEX(Data_metier!$C:$C,MATCH($A12,Data_metier!$B:$B,0)),{"Non Concerné";"Niveau 1";"Niveau 2";"Niveau 3";"Niveau 4"},0)-1)>(MATCH(INDEX(Data_metier!$C:$C,MATCH(C$1,Data_metier!$B:$B,0)),{"Non Concerné";"Niveau 1";"Niveau 2";"Niveau 3";"Niveau 4"},0)-1), 1/6,0)+IF((MATCH(INDEX(Data_metier!$D:$D,MATCH($A12,Data_metier!$B:$B,0)),{"Non Concerné";"Niveau 1";"Niveau 2";"Niveau 3";"Niveau 4"},0)-1)>(MATCH(INDEX(Data_metier!$D:$D,MATCH(C$1,Data_metier!$B:$B,0)),{"Non Concerné";"Niveau 1";"Niveau 2";"Niveau 3";"Niveau 4"},0)-1), 1/6,0)+IF((MATCH(INDEX(Data_metier!$E:$E,MATCH($A12,Data_metier!$B:$B,0)),{"Non Concerné";"Niveau 1";"Niveau 2";"Niveau 3";"Niveau 4"},0)-1)>(MATCH(INDEX(Data_metier!$E:$E,MATCH(C$1,Data_metier!$B:$B,0)),{"Non Concerné";"Niveau 1";"Niveau 2";"Niveau 3";"Niveau 4"},0)-1), 1/6,0)) -> -1 | D12: =IF(DE_respon_transv!D12=-1,-1, DE_respon_transv!D12+IF((MATCH(INDEX(Data_metier!$C:$C,MATCH($A12,Data_metier!$B:$B,0)),{"Non Concerné";"Niveau 1";"Niveau 2";"Niveau 3";"Niveau 4"},0)-1)>(MATCH(INDEX(Data_metier!$C:$C,MATCH(D$1,Data_metier!$B:$B,0)),{"Non Concerné";"Niveau 1";"Niveau 2";"Niveau 3";"Niveau 4"},0)-1), 1/6,0)+IF((MATCH(INDEX(Data_metier!$D:$D,MATCH($A12,Data_metier!$B:$B,0)),{"Non Concerné";"Niveau 1";"Niveau 2";"Niveau 3";"Niveau 4"},0)-1)>(MATCH(INDEX(Data_metier!$D:$D,MATCH(D$1,Data_metier!$B:$B,0)),{"Non Concerné";"Niveau 1";"Niveau 2";"Niveau 3";"Niveau 4"},0)-1), 1/6,0)+IF((MATCH(INDEX(Data_metier!$E:$E,MATCH($A12,Data_metier!$B:$B,0)),{"Non Concerné";"Niveau 1";"Niveau 2";"Niveau 3";"Niveau 4"},0)-1)>(MATCH(INDEX(Data_metier!$E:$E,MATCH(D$1,Data_metier!$B:$B,0)),{"Non Concerné";"Niveau 1";"Niveau 2";"Niveau 3";"Niveau 4"},0)-1), 1/6,0)) -> 0.5 | E12: =IF(DE_respon_transv!E12=-1,-1, DE_respon_transv!E12+IF((MATCH(INDEX(Data_metier!$C:$C,MATCH($A12,Data_metier!$B:$B,0)),{"Non Concerné";"Niveau 1";"Niveau 2";"Niveau 3";"Niveau 4"},0)-1)>(MATCH(INDEX(Data_metier!$C:$C,MATCH(E$1,Data_metier!$B:$B,0)),{"Non Concerné";"Niveau 1";"Niveau 2";"Niveau 3";"Niveau 4"},0)-1), 1/6,0)+IF((MATCH(INDEX(Data_metier!$D:$D,MATCH($A12,Data_metier!$B:$B,0)),{"Non Concerné";"Niveau 1";"Niveau 2";"Niveau 3";"Niveau 4"},0)-1)>(MATCH(INDEX(Data_metier!$D:$D,MATCH(E$1,Data_metier!$B:$B,0)),{"Non Concerné";"Niveau 1";"Niveau 2";"Niveau 3";"Niveau 4"},0)-1), 1/6,0)+IF((MATCH(INDEX(Data_metier!$E:$E,MATCH($A12,Data_metier!$B:$B,0)),{"Non Concerné";"Niveau 1";"Niveau 2";"Niveau 3";"Niveau 4"},0)-1)>(MATCH(INDEX(Data_metier!$E:$E,MATCH(E$1,Data_metier!$B:$B,0)),{"Non Concerné";"Niveau 1";"Niveau 2";"Niveau 3";"Niveau 4"},0)-1), 1/6,0)) -> -1 | F12: =IF(DE_respon_transv!F12=-1,-1, DE_respon_transv!F12+IF((MATCH(INDEX(Data_metier!$C:$C,MATCH($A12,Data_metier!$B:$B,0)),{"Non Concerné";"Niveau 1";"Niveau 2";"Niveau 3";"Niveau 4"},0)-1)>(MATCH(INDEX(Data_metier!$C:$C,MATCH(F$1,Data_metier!$B:$B,0)),{"Non Concerné";"Niveau 1";"Niveau 2";"Niveau 3";"Niveau 4"},0)-1), 1/6,0)+IF((MATCH(INDEX(Data_metier!$D:$D,MATCH($A12,Data_metier!$B:$B,0)),{"Non Concerné";"Niveau 1";"Niveau 2";"Niveau 3";"Niveau 4"},0)-1)>(MATCH(INDEX(Data_metier!$D:$D,MATCH(F$1,Data_metier!$B:$B,0)),{"Non Concerné";"Niveau 1";"Niveau 2";"Niveau 3";"Niveau 4"},0)-1), 1/6,0)+IF((MATCH(INDEX(Data_metier!$E:$E,MATCH($A12,Data_metier!$B:$B,0)),{"Non Concerné";"Niveau 1";"Niveau 2";"Niveau 3";"Niveau 4"},0)-1)>(MATCH(INDEX(Data_metier!$E:$E,MATCH(F$1,Data_metier!$B:$B,0)),{"Non Concerné";"Niveau 1";"Niveau 2";"Niveau 3";"Niveau 4"},0)-1), 1/6,0)) -> -1 | G12: =IF(DE_respon_transv!G12=-1,-1, DE_respon_transv!G12+IF((MATCH(INDEX(Data_metier!$C:$C,MATCH($A12,Data_metier!$B:$B,0)),{"Non Concerné";"Niveau 1";"Niveau 2";"Niveau 3";"Niveau 4"},0)-1)>(MATCH(INDEX(Data_metier!$C:$C,MATCH(G$1,Data_metier!$B:$B,0)),{"Non Concerné";"Niveau 1";"Niveau 2";"Niveau 3";"Niveau 4"},0)-1), 1/6,0)+IF((MATCH(INDEX(Data_metier!$D:$D,MATCH($A12,Data_metier!$B:$B,0)),{"Non Concerné";"Niveau 1";"Niveau 2";"Niveau 3";"Niveau 4"},0)-1)>(MATCH(INDEX(Data_metier!$D:$D,MATCH(G$1,Data_metier!$B:$B,0)),{"Non Concerné";"Niveau 1";"Niveau 2";"Niveau 3";"Niveau 4"},0)-1), 1/6,0)+IF((MATCH(INDEX(Data_metier!$E:$E,MATCH($A12,Data_metier!$B:$B,0)),{"Non Concerné";"Niveau 1";"Niveau 2";"Niveau 3";"Niveau 4"},0)-1)>(MATCH(INDEX(Data_metier!$E:$E,MATCH(G$1,Data_metier!$B:$B,0)),{"Non Concerné";"Niveau 1";"Niveau 2";"Niveau 3";"Niveau 4"},0)-1), 1/6,0)) -> -1 | H12: =IF(DE_respon_transv!H12=-1,-1, DE_respon_transv!H12+IF((MATCH(INDEX(Data_metier!$C:$C,MATCH($A12,Data_metier!$B:$B,0)),{"Non Concerné";"Niveau 1";"Niveau 2";"Niveau 3";"Niveau 4"},0)-1)>(MATCH(INDEX(Data_metier!$C:$C,MATCH(H$1,Data_metier!$B:$B,0)),{"Non Concerné";"Niveau 1";"Niveau 2";"Niveau 3";"Niveau 4"},0)-1), 1/6,0)+IF((MATCH(INDEX(Data_metier!$D:$D,MATCH($A12,Data_metier!$B:$B,0)),{"Non Concerné";"Niveau 1";"Niveau 2";"Niveau 3";"Niveau 4"},0)-1)>(MATCH(INDEX(Data_metier!$D:$D,MATCH(H$1,Data_metier!$B:$B,0)),{"Non Concerné";"Niveau 1";"Niveau 2";"Niveau 3";"Niveau 4"},0)-1), 1/6,0)+IF((MATCH(INDEX(Data_metier!$E:$E,MATCH($A12,Data_metier!$B:$B,0)),{"Non Concerné";"Niveau 1";"Niveau 2";"Niveau 3";"Niveau 4"},0)-1)>(MATCH(INDEX(Data_metier!$E:$E,MATCH(H$1,Data_metier!$B:$B,0)),{"Non Concerné";"Niveau 1";"Niveau 2";"Niveau 3";"Niveau 4"},0)-1), 1/6,0)) -> -1 | I12: =IF(DE_respon_transv!I12=-1,-1, DE_respon_transv!I12+IF((MATCH(INDEX(Data_metier!$C:$C,MATCH($A12,Data_metier!$B:$B,0)),{"Non Concerné";"Niveau 1";"Niveau 2";"Niveau 3";"Niveau 4"},0)-1)>(MATCH(INDEX(Data_metier!$C:$C,MATCH(I$1,Data_metier!$B:$B,0)),{"Non Concerné";"Niveau 1";"Niveau 2";"Niveau 3";"Niveau 4"},0)-1), 1/6,0)+IF((MATCH(INDEX(Data_metier!$D:$D,MATCH($A12,Data_metier!$B:$B,0)),{"Non Concerné";"Niveau 1";"Niveau 2";"Niveau 3";"Niveau 4"},0)-1)>(MATCH(INDEX(Data_metier!$D:$D,MATCH(I$1,Data_metier!$B:$B,0)),{"Non Concerné";"Niveau 1";"Niveau 2";"Niveau 3";"Niveau 4"},0)-1), 1/6,0)+IF((MATCH(INDEX(Data_metier!$E:$E,MATCH($A12,Data_metier!$B:$B,0)),{"Non Concerné";"Niveau 1";"Niveau 2";"Niveau 3";"Niveau 4"},0)-1)>(MATCH(INDEX(Data_metier!$E:$E,MATCH(I$1,Data_metier!$B:$B,0)),{"Non Concerné";"Niveau 1";"Niveau 2";"Niveau 3";"Niveau 4"},0)-1), 1/6,0)) -> 0.5 | ... AD12: =IF(DE_respon_transv!AD12=-1,-1, DE_respon_transv!AD12+IF((MATCH(INDEX(Data_metier!$C:$C,MATCH($A12,Data_metier!$B:$B,0)),{"Non Concerné";"Niveau 1";"Niveau 2";"Niveau 3";"Niveau 4"},0)-1)>(MATCH(INDEX(Data_metier!$C:$C,MATCH(AD$1,Data_metier!$B:$B,0)),{"Non Concerné";"Niveau 1";"Niveau 2";"Niveau 3";"Niveau 4"},0)-1), 1/6,0)+IF((MATCH(INDEX(Data_metier!$D:$D,MATCH($A12,Data_metier!$B:$B,0)),{"Non Concerné";"Niveau 1";"Niveau 2";"Niveau 3";"Niveau 4"},0)-1)>(MATCH(INDEX(Data_metier!$D:$D,MATCH(AD$1,Data_metier!$B:$B,0)),{"Non Concerné";"Niveau 1";"Niveau 2";"Niveau 3";"Niveau 4"},0)-1), 1/6,0)+IF((MATCH(INDEX(Data_metier!$E:$E,MATCH($A12,Data_metier!$B:$B,0)),{"Non Concerné";"Niveau 1";"Niveau 2";"Niveau 3";"Niveau 4"},0)-1)>(MATCH(INDEX(Data_metier!$E:$E,MATCH(AD$1,Data_metier!$B:$B,0)),{"Non Concerné";"Niveau 1";"Niveau 2";"Niveau 3";"Niveau 4"},0)-1), 1/6,0)) -> -1
A13: Régleur(se) | B13: =IF(DE_respon_transv!B13=-1,-1, DE_respon_transv!B13+IF((MATCH(INDEX(Data_metier!$C:$C,MATCH($A13,Data_metier!$B:$B,0)),{"Non Concerné";"Niveau 1";"Niveau 2";"Niveau 3";"Niveau 4"},0)-1)>(MATCH(INDEX(Data_metier!$C:$C,MATCH(B$1,Data_metier!$B:$B,0)),{"Non Concerné";"Niveau 1";"Niveau 2";"Niveau 3";"Niveau 4"},0)-1), 1/6,0)+IF((MATCH(INDEX(Data_metier!$D:$D,MATCH($A13,Data_metier!$B:$B,0)),{"Non Concerné";"Niveau 1";"Niveau 2";"Niveau 3";"Niveau 4"},0)-1)>(MATCH(INDEX(Data_metier!$D:$D,MATCH(B$1,Data_metier!$B:$B,0)),{"Non Concerné";"Niveau 1";"Niveau 2";"Niveau 3";"Niveau 4"},0)-1), 1/6,0)+IF((MATCH(INDEX(Data_metier!$E:$E,MATCH($A13,Data_metier!$B:$B,0)),{"Non Concerné";"Niveau 1";"Niveau 2";"Niveau 3";"Niveau 4"},0)-1)>(MATCH(INDEX(Data_metier!$E:$E,MATCH(B$1,Data_metier!$B:$B,0)),{"Non Concerné";"Niveau 1";"Niveau 2";"Niveau 3";"Niveau 4"},0)-1), 1/6,0)) -> 0.16666667 | C13: =IF(DE_respon_transv!C13=-1,-1, DE_respon_transv!C13+IF((MATCH(INDEX(Data_metier!$C:$C,MATCH($A13,Data_metier!$B:$B,0)),{"Non Concerné";"Niveau 1";"Niveau 2";"Niveau 3";"Niveau 4"},0)-1)>(MATCH(INDEX(Data_metier!$C:$C,MATCH(C$1,Data_metier!$B:$B,0)),{"Non Concerné";"Niveau 1";"Niveau 2";"Niveau 3";"Niveau 4"},0)-1), 1/6,0)+IF((MATCH(INDEX(Data_metier!$D:$D,MATCH($A13,Data_metier!$B:$B,0)),{"Non Concerné";"Niveau 1";"Niveau 2";"Niveau 3";"Niveau 4"},0)-1)>(MATCH(INDEX(Data_metier!$D:$D,MATCH(C$1,Data_metier!$B:$B,0)),{"Non Concerné";"Niveau 1";"Niveau 2";"Niveau 3";"Niveau 4"},0)-1), 1/6,0)+IF((MATCH(INDEX(Data_metier!$E:$E,MATCH($A13,Data_metier!$B:$B,0)),{"Non Concerné";"Niveau 1";"Niveau 2";"Niveau 3";"Niveau 4"},0)-1)>(MATCH(INDEX(Data_metier!$E:$E,MATCH(C$1,Data_metier!$B:$B,0)),{"Non Concerné";"Niveau 1";"Niveau 2";"Niveau 3";"Niveau 4"},0)-1), 1/6,0)) -> 0 | D13: =IF(DE_respon_transv!D13=-1,-1, DE_respon_transv!D13+IF((MATCH(INDEX(Data_metier!$C:$C,MATCH($A13,Data_metier!$B:$B,0)),{"Non Concerné";"Niveau 1";"Niveau 2";"Niveau 3";"Niveau 4"},0)-1)>(MATCH(INDEX(Data_metier!$C:$C,MATCH(D$1,Data_metier!$B:$B,0)),{"Non Concerné";"Niveau 1";"Niveau 2";"Niveau 3";"Niveau 4"},0)-1), 1/6,0)+IF((MATCH(INDEX(Data_metier!$D:$D,MATCH($A13,Data_metier!$B:$B,0)),{"Non Concerné";"Niveau 1";"Niveau 2";"Niveau 3";"Niveau 4"},0)-1)>(MATCH(INDEX(Data_metier!$D:$D,MATCH(D$1,Data_metier!$B:$B,0)),{"Non Concerné";"Niveau 1";"Niveau 2";"Niveau 3";"Niveau 4"},0)-1), 1/6,0)+IF((MATCH(INDEX(Data_metier!$E:$E,MATCH($A13,Data_metier!$B:$B,0)),{"Non Concerné";"Niveau 1";"Niveau 2";"Niveau 3";"Niveau 4"},0)-1)>(MATCH(INDEX(Data_metier!$E:$E,MATCH(D$1,Data_metier!$B:$B,0)),{"Non Concerné";"Niveau 1";"Niveau 2";"Niveau 3";"Niveau 4"},0)-1), 1/6,0)) -> 1.1666667 | E13: =IF(DE_respon_transv!E13=-1,-1, DE_respon_transv!E13+IF((MATCH(INDEX(Data_metier!$C:$C,MATCH($A13,Data_metier!$B:$B,0)),{"Non Concerné";"Niveau 1";"Niveau 2";"Niveau 3";"Niveau 4"},0)-1)>(MATCH(INDEX(Data_metier!$C:$C,MATCH(E$1,Data_metier!$B:$B,0)),{"Non Concerné";"Niveau 1";"Niveau 2";"Niveau 3";"Niveau 4"},0)-1), 1/6,0)+IF((MATCH(INDEX(Data_metier!$D:$D,MATCH($A13,Data_metier!$B:$B,0)),{"Non Concerné";"Niveau 1";"Niveau 2";"Niveau 3";"Niveau 4"},0)-1)>(MATCH(INDEX(Data_metier!$D:$D,MATCH(E$1,Data_metier!$B:$B,0)),{"Non Concerné";"Niveau 1";"Niveau 2";"Niveau 3";"Niveau 4"},0)-1), 1/6,0)+IF((MATCH(INDEX(Data_metier!$E:$E,MATCH($A13,Data_metier!$B:$B,0)),{"Non Concerné";"Niveau 1";"Niveau 2";"Niveau 3";"Niveau 4"},0)-1)>(MATCH(INDEX(Data_metier!$E:$E,MATCH(E$1,Data_metier!$B:$B,0)),{"Non Concerné";"Niveau 1";"Niveau 2";"Niveau 3";"Niveau 4"},0)-1), 1/6,0)) -> -1 | F13: =IF(DE_respon_transv!F13=-1,-1, DE_respon_transv!F13+IF((MATCH(INDEX(Data_metier!$C:$C,MATCH($A13,Data_metier!$B:$B,0)),{"Non Concerné";"Niveau 1";"Niveau 2";"Niveau 3";"Niveau 4"},0)-1)>(MATCH(INDEX(Data_metier!$C:$C,MATCH(F$1,Data_metier!$B:$B,0)),{"Non Concerné";"Niveau 1";"Niveau 2";"Niveau 3";"Niveau 4"},0)-1), 1/6,0)+IF((MATCH(INDEX(Data_metier!$D:$D,MATCH($A13,Data_metier!$B:$B,0)),{"Non Concerné";"Niveau 1";"Niveau 2";"Niveau 3";"Niveau 4"},0)-1)>(MATCH(INDEX(Data_metier!$D:$D,MATCH(F$1,Data_metier!$B:$B,0)),{"Non Concerné";"Niveau 1";"Niveau 2";"Niveau 3";"Niveau 4"},0)-1), 1/6,0)+IF((MATCH(INDEX(Data_metier!$E:$E,MATCH($A13,Data_metier!$B:$B,0)),{"Non Concerné";"Niveau 1";"Niveau 2";"Niveau 3";"Niveau 4"},0)-1)>(MATCH(INDEX(Data_metier!$E:$E,MATCH(F$1,Data_metier!$B:$B,0)),{"Non Concerné";"Niveau 1";"Niveau 2";"Niveau 3";"Niveau 4"},0)-1), 1/6,0)) -> -1 | G13: =IF(DE_respon_transv!G13=-1,-1, DE_respon_transv!G13+IF((MATCH(INDEX(Data_metier!$C:$C,MATCH($A13,Data_metier!$B:$B,0)),{"Non Concerné";"Niveau 1";"Niveau 2";"Niveau 3";"Niveau 4"},0)-1)>(MATCH(INDEX(Data_metier!$C:$C,MATCH(G$1,Data_metier!$B:$B,0)),{"Non Concerné";"Niveau 1";"Niveau 2";"Niveau 3";"Niveau 4"},0)-1), 1/6,0)+IF((MATCH(INDEX(Data_metier!$D:$D,MATCH($A13,Data_metier!$B:$B,0)),{"Non Concerné";"Niveau 1";"Niveau 2";"Niveau 3";"Niveau 4"},0)-1)>(MATCH(INDEX(Data_metier!$D:$D,MATCH(G$1,Data_metier!$B:$B,0)),{"Non Concerné";"Niveau 1";"Niveau 2";"Niveau 3";"Niveau 4"},0)-1), 1/6,0)+IF((MATCH(INDEX(Data_metier!$E:$E,MATCH($A13,Data_metier!$B:$B,0)),{"Non Concerné";"Niveau 1";"Niveau 2";"Niveau 3";"Niveau 4"},0)-1)>(MATCH(INDEX(Data_metier!$E:$E,MATCH(G$1,Data_metier!$B:$B,0)),{"Non Concerné";"Niveau 1";"Niveau 2";"Niveau 3";"Niveau 4"},0)-1), 1/6,0)) -> -1 | H13: =IF(DE_respon_transv!H13=-1,-1, DE_respon_transv!H13+IF((MATCH(INDEX(Data_metier!$C:$C,MATCH($A13,Data_metier!$B:$B,0)),{"Non Concerné";"Niveau 1";"Niveau 2";"Niveau 3";"Niveau 4"},0)-1)>(MATCH(INDEX(Data_metier!$C:$C,MATCH(H$1,Data_metier!$B:$B,0)),{"Non Concerné";"Niveau 1";"Niveau 2";"Niveau 3";"Niveau 4"},0)-1), 1/6,0)+IF((MATCH(INDEX(Data_metier!$D:$D,MATCH($A13,Data_metier!$B:$B,0)),{"Non Concerné";"Niveau 1";"Niveau 2";"Niveau 3";"Niveau 4"},0)-1)>(MATCH(INDEX(Data_metier!$D:$D,MATCH(H$1,Data_metier!$B:$B,0)),{"Non Concerné";"Niveau 1";"Niveau 2";"Niveau 3";"Niveau 4"},0)-1), 1/6,0)+IF((MATCH(INDEX(Data_metier!$E:$E,MATCH($A13,Data_metier!$B:$B,0)),{"Non Concerné";"Niveau 1";"Niveau 2";"Niveau 3";"Niveau 4"},0)-1)>(MATCH(INDEX(Data_metier!$E:$E,MATCH(H$1,Data_metier!$B:$B,0)),{"Non Concerné";"Niveau 1";"Niveau 2";"Niveau 3";"Niveau 4"},0)-1), 1/6,0)) -> -1 | I13: =IF(DE_respon_transv!I13=-1,-1, DE_respon_transv!I13+IF((MATCH(INDEX(Data_metier!$C:$C,MATCH($A13,Data_metier!$B:$B,0)),{"Non Concerné";"Niveau 1";"Niveau 2";"Niveau 3";"Niveau 4"},0)-1)>(MATCH(INDEX(Data_metier!$C:$C,MATCH(I$1,Data_metier!$B:$B,0)),{"Non Concerné";"Niveau 1";"Niveau 2";"Niveau 3";"Niveau 4"},0)-1), 1/6,0)+IF((MATCH(INDEX(Data_metier!$D:$D,MATCH($A13,Data_metier!$B:$B,0)),{"Non Concerné";"Niveau 1";"Niveau 2";"Niveau 3";"Niveau 4"},0)-1)>(MATCH(INDEX(Data_metier!$D:$D,MATCH(I$1,Data_metier!$B:$B,0)),{"Non Concerné";"Niveau 1";"Niveau 2";"Niveau 3";"Niveau 4"},0)-1), 1/6,0)+IF((MATCH(INDEX(Data_metier!$E:$E,MATCH($A13,Data_metier!$B:$B,0)),{"Non Concerné";"Niveau 1";"Niveau 2";"Niveau 3";"Niveau 4"},0)-1)>(MATCH(INDEX(Data_metier!$E:$E,MATCH(I$1,Data_metier!$B:$B,0)),{"Non Concerné";"Niveau 1";"Niveau 2";"Niveau 3";"Niveau 4"},0)-1), 1/6,0)) -> 1.1666667 | ... AD13: =IF(DE_respon_transv!AD13=-1,-1, DE_respon_transv!AD13+IF((MATCH(INDEX(Data_metier!$C:$C,MATCH($A13,Data_metier!$B:$B,0)),{"Non Concerné";"Niveau 1";"Niveau 2";"Niveau 3";"Niveau 4"},0)-1)>(MATCH(INDEX(Data_metier!$C:$C,MATCH(AD$1,Data_metier!$B:$B,0)),{"Non Concerné";"Niveau 1";"Niveau 2";"Niveau 3";"Niveau 4"},0)-1), 1/6,0)+IF((MATCH(INDEX(Data_metier!$D:$D,MATCH($A13,Data_metier!$B:$B,0)),{"Non Concerné";"Niveau 1";"Niveau 2";"Niveau 3";"Niveau 4"},0)-1)>(MATCH(INDEX(Data_metier!$D:$D,MATCH(AD$1,Data_metier!$B:$B,0)),{"Non Concerné";"Niveau 1";"Niveau 2";"Niveau 3";"Niveau 4"},0)-1), 1/6,0)+IF((MATCH(INDEX(Data_metier!$E:$E,MATCH($A13,Data_metier!$B:$B,0)),{"Non Concerné";"Niveau 1";"Niveau 2";"Niveau 3";"Niveau 4"},0)-1)>(MATCH(INDEX(Data_metier!$E:$E,MATCH(AD$1,Data_metier!$B:$B,0)),{"Non Concerné";"Niveau 1";"Niveau 2";"Niveau 3";"Niveau 4"},0)-1), 1/6,0)) -> -1
